userid,ad1,ad2,ad3,ad4,ad5
234,1,NaN,0,1,1
235,0,NaN,1,0,0
236,1,NaN,0,NaN,0
237,0,1,1,0,0
238,0,1,1,NaN,0
239,0,0,1,NaN,0
240,0,1,1,NaN,1
241,0,0,1,0,1
242,0,0,0,1,1
243,1,0,0,1,1
244,0,1,0,NaN,1
245,1,1,1,0,1
246,1,NaN,0,0,0
247,0,1,1,NaN,1
248,0,1,0,NaN,1
249,1,1,0,NaN,0
250,1,0,1,NaN,0
251,0,1,0,NaN,1
252,1,NaN,1,1,1
253,0,1,1,1,0
254,0,NaN,0,1,0
255,1,NaN,1,NaN,1
256,0,1,1,1,0
257,1,0,0,NaN,0
258,1,NaN,0,0,0
259,0,1,1,1,0
260,1,1,1,NaN,1
261,1,1,1,0,0
262,0,NaN,0,0,1
263,1,0,0,1,1
264,1,1,1,0,0
265,0,1,0,NaN,1
266,1,1,0,0,1
267,0,0,1,NaN,1
268,1,1,0,0,1
269,0,0,1,1,1
270,0,0,0,NaN,1
271,1,0,1,1,1
272,0,1,1,NaN,1
273,1,0,1,1,1
274,0,1,1,0,0
275,0,1,1,1,1
276,1,0,0,NaN,1
277,1,NaN,1,1,1
278,0,0,0,NaN,0
279,1,1,1,NaN,1
280,1,0,1,1,0
281,1,0,1,NaN,0
282,1,1,1,NaN,0
283,1,NaN,0,1,1
284,1,1,1,1,1
285,1,0,1,0,1
286,1,1,1,1,1
287,1,0,1,NaN,1
288,0,1,1,NaN,0
289,0,0,1,0,1
290,0,0,0,NaN,0
291,1,0,0,0,1
292,1,1,1,1,0
293,0,0,1,0,0
294,0,0,1,0,1
295,1,NaN,1,0,1
296,1,1,1,1,0
297,0,0,0,0,0
298,0,1,0,NaN,1
299,0,0,1,NaN,0
300,1,1,0,NaN,1
301,0,NaN,0,0,1
302,0,0,1,1,0
303,1,0,1,NaN,1
304,0,NaN,1,NaN,1
305,1,NaN,1,1,0
306,1,0,1,1,0
307,0,1,1,1,1
308,1,NaN,1,NaN,0
309,1,0,1,1,1
310,1,1,1,NaN,0
311,1,1,1,NaN,0
312,0,0,1,NaN,1
313,0,1,0,NaN,1
314,0,0,0,1,0
315,1,0,0,1,1
316,0,NaN,0,NaN,0
317,0,1,0,1,0
318,1,NaN,1,1,1
319,1,1,0,NaN,1
320,0,NaN,0,0,1
321,1,1,0,0,1
322,1,0,1,0,1
323,1,NaN,1,1,1
324,1,1,0,NaN,0
325,0,1,1,NaN,0
326,1,NaN,1,0,1
327,0,NaN,1,0,1
328,0,1,0,0,1
329,0,NaN,0,NaN,1
330,1,NaN,1,0,1
331,1,0,1,1,1
332,0,1,1,NaN,0
333,1,1,1,1,0
334,1,NaN,0,1,1
335,1,0,1,NaN,0
336,0,0,0,1,0
337,0,NaN,1,0,1
338,1,0,0,NaN,0
339,1,NaN,0,1,1
340,0,NaN,1,NaN,0
341,1,0,0,0,0
342,1,0,0,NaN,1
343,0,0,1,1,0
344,0,NaN,1,0,1
345,1,0,0,0,0
346,0,0,1,NaN,0
347,0,1,0,1,1
348,1,NaN,0,1,0
349,1,1,1,NaN,0
350,0,0,1,1,0
351,1,NaN,0,1,0
352,0,NaN,1,1,1
353,1,NaN,1,1,1
354,1,0,0,0,1
355,0,1,0,NaN,0
356,1,NaN,0,0,1
357,0,NaN,1,0,0
358,0,1,1,1,1
359,0,NaN,1,NaN,0
360,0,0,1,1,1
361,0,NaN,1,1,1
362,1,NaN,1,NaN,1
363,1,0,1,1,0
364,0,NaN,1,1,0
365,1,0,1,0,1
366,1,NaN,1,1,0
367,1,NaN,1,NaN,0
368,0,0,1,0,1
369,1,0,1,NaN,1
370,1,0,0,NaN,0
371,1,1,1,0,1
372,0,0,1,0,1
373,0,NaN,0,1,0
374,1,1,1,1,1
375,1,0,0,1,0
376,1,0,0,1,0
377,1,1,1,1,0
378,1,NaN,0,NaN,1
379,0,NaN,1,1,1
380,1,1,0,NaN,1
381,0,NaN,0,1,1
382,1,0,0,NaN,1
383,1,1,0,0,1
384,1,0,1,NaN,1
385,1,NaN,0,0,1
386,0,NaN,0,1,0
387,1,0,0,NaN,1
388,0,1,1,1,0
389,0,0,1,0,0
390,1,1,0,1,1
391,0,NaN,0,1,1
392,1,0,0,1,1
393,0,1,1,0,0
394,0,NaN,0,NaN,1
395,1,0,0,0,0
396,1,NaN,0,NaN,0
397,1,NaN,1,0,0
398,0,1,1,0,0
399,0,1,0,NaN,0
400,1,NaN,1,1,1
401,1,0,0,NaN,1
402,0,1,0,1,1
403,1,0,1,NaN,1
404,0,1,0,NaN,1
405,0,1,0,NaN,0
406,1,NaN,0,NaN,0
407,0,NaN,1,0,0
408,1,NaN,1,0,0
409,0,NaN,0,0,1
410,0,1,0,0,0
411,1,1,1,NaN,1
412,1,0,0,1,1
413,1,NaN,0,1,0
414,1,0,0,0,1
415,0,NaN,1,0,0
416,1,0,0,0,0
417,0,0,1,NaN,1
418,0,NaN,1,NaN,1
419,1,1,1,NaN,1
420,0,1,1,NaN,0
421,1,NaN,0,NaN,1
422,1,1,1,NaN,0
423,0,1,1,NaN,1
424,0,0,1,1,1
425,1,1,0,1,1
426,0,1,1,1,0
427,0,NaN,0,0,1
428,1,1,1,0,0
429,1,NaN,1,1,1
430,1,NaN,1,0,1
431,0,1,0,1,0
432,0,1,1,0,0
433,0,NaN,0,0,1
434,0,1,1,0,0
435,0,NaN,1,NaN,0
436,0,NaN,0,NaN,1
437,0,1,1,NaN,1
438,0,1,0,0,0
439,1,NaN,0,0,0
440,1,1,0,0,1
441,1,0,0,0,1
442,1,NaN,1,1,1
443,0,1,1,NaN,1
444,0,NaN,0,NaN,1
445,1,1,0,NaN,1
446,1,0,0,1,0
447,1,NaN,0,NaN,0
448,1,1,0,0,0
449,1,0,1,1,0
450,0,1,0,1,1
451,1,0,0,1,1
452,0,1,1,0,0
453,1,NaN,0,1,0
454,0,NaN,0,0,0
455,0,0,1,NaN,1
456,0,0,1,1,0
457,1,NaN,1,NaN,0
458,0,0,1,0,0
459,0,0,1,NaN,0
460,1,1,0,1,0
461,1,NaN,1,NaN,0
462,1,0,1,1,1
463,0,0,0,0,0
464,1,0,1,0,0
465,1,NaN,0,NaN,0
466,1,1,1,1,1
467,1,NaN,1,NaN,0
468,0,1,0,0,0
469,0,0,0,0,0
470,1,NaN,0,0,1
471,0,1,1,NaN,1
472,0,1,1,1,0
473,0,1,0,1,1
474,1,NaN,0,1,0
475,0,1,0,0,0
476,0,NaN,0,1,0
477,0,NaN,1,1,1
478,0,1,1,NaN,0
479,0,NaN,0,NaN,1
480,0,0,0,0,0
481,1,1,1,0,0
482,1,0,1,NaN,0
483,1,0,1,0,1
484,0,1,1,1,0
485,0,NaN,0,1,0
486,1,1,0,NaN,0
487,0,1,1,0,1
488,0,1,0,NaN,1
489,0,1,1,1,1
490,1,NaN,1,0,0
491,1,1,1,1,1
492,0,NaN,0,0,1
493,0,NaN,0,0,0
494,0,0,1,0,1
495,0,1,0,0,0
496,0,1,1,NaN,0
497,0,NaN,1,1,1
498,0,NaN,0,0,1
499,1,NaN,0,1,1
500,1,1,1,NaN,0
501,0,1,1,1,0
502,0,1,1,0,0
503,1,1,1,NaN,0
504,1,0,0,0,1
505,0,NaN,0,0,1
506,1,NaN,0,0,1
507,0,NaN,0,0,0
508,0,NaN,0,NaN,1
509,1,0,0,0,0
510,0,1,0,1,1
511,0,0,1,0,1
512,1,0,1,NaN,1
513,1,1,1,1,0
514,1,0,0,0,1
515,1,1,1,0,1
516,1,1,0,1,0
517,0,1,0,0,0
518,1,0,1,1,1
519,1,0,0,NaN,0
520,0,0,0,0,0
521,0,1,1,0,0
522,0,NaN,0,1,1
523,1,0,0,NaN,0
524,1,NaN,1,0,0
525,1,0,1,NaN,0
526,0,1,0,0,0
527,1,0,0,1,1
528,0,1,1,0,1
529,0,NaN,0,0,0
530,0,1,1,1,1
531,0,NaN,0,0,0
532,1,NaN,0,NaN,0
533,1,0,0,0,0
534,0,1,1,0,1
535,1,1,0,NaN,1
536,0,1,0,0,1
537,0,0,0,0,0
538,1,0,1,1,0
539,0,1,0,NaN,0
540,1,0,1,NaN,0
541,1,1,0,1,1
542,0,0,0,0,0
543,1,1,1,0,0
544,1,0,0,NaN,1
545,0,0,1,0,1
546,0,0,0,1,0
547,1,0,0,0,1
548,1,1,0,1,0
549,1,1,0,NaN,1
550,1,0,1,1,1
551,1,NaN,0,0,0
552,1,NaN,0,0,0
553,1,0,1,0,0
554,1,0,0,NaN,1
555,1,NaN,0,NaN,0
556,0,NaN,1,NaN,1
557,1,1,0,0,1
558,0,0,1,1,0
559,0,1,0,NaN,1
560,1,0,1,NaN,1
561,1,0,0,1,1
562,0,0,1,0,0
563,0,NaN,0,1,1
564,1,NaN,1,1,0
565,0,NaN,0,0,1
566,0,0,1,1,0
567,0,1,1,1,0
568,0,1,1,0,0
569,0,0,0,NaN,1
570,0,NaN,0,NaN,1
571,1,1,1,1,1
572,1,NaN,0,0,0
573,1,0,1,0,1
574,1,NaN,0,NaN,1
575,1,NaN,0,NaN,0
576,1,0,1,0,0
577,0,NaN,1,1,0
578,1,1,0,0,1
579,1,0,0,NaN,1
580,1,NaN,0,NaN,1
581,0,0,1,0,1
582,1,1,1,1,1
583,1,0,0,1,0
584,0,1,1,NaN,0
585,1,0,0,1,0
586,0,0,1,0,1
587,0,1,0,1,0
588,1,0,0,1,0
589,1,0,1,0,1
590,1,0,0,1,0
591,0,1,0,0,1
592,0,NaN,0,0,0
593,0,0,1,0,0
594,1,0,1,NaN,1
595,1,0,0,0,0
596,0,NaN,0,1,0
597,0,1,0,NaN,1
598,0,NaN,0,NaN,0
599,0,NaN,0,NaN,1
600,0,0,0,1,0
601,1,1,1,0,1
602,0,1,1,NaN,0
603,1,NaN,0,NaN,1
604,0,0,1,1,0
605,0,1,1,NaN,0
606,0,0,0,1,1
607,1,NaN,0,0,1
608,0,1,1,NaN,0
609,0,NaN,1,NaN,1
610,1,1,1,NaN,0
611,1,NaN,1,NaN,0
612,1,0,1,NaN,0
613,0,NaN,0,0,1
614,0,0,1,0,1
615,0,1,1,1,0
616,0,0,1,0,0
617,0,1,1,0,0
618,1,NaN,1,1,1
619,0,NaN,1,1,0
620,0,0,1,0,0
621,0,0,1,0,1
622,0,1,1,NaN,1
623,1,1,0,1,1
624,1,0,1,1,1
625,0,NaN,1,0,0
626,0,NaN,0,NaN,0
627,1,0,1,1,1
628,0,0,0,NaN,1
629,0,0,1,1,1
630,0,1,0,0,1
631,0,0,0,0,1
632,1,1,0,NaN,1
633,1,0,0,1,1
634,0,0,1,NaN,1
635,0,1,0,NaN,0
636,1,NaN,1,NaN,1
637,0,0,1,0,1
638,1,1,1,0,0
639,1,NaN,0,0,0
640,1,1,1,NaN,0
641,1,0,0,0,1
642,1,NaN,1,1,0
643,1,NaN,0,0,1
644,0,0,1,1,1
645,1,1,0,1,1
646,1,1,0,1,1
647,0,1,1,0,1
648,1,1,1,1,0
649,1,0,0,0,1
650,0,0,0,1,0
651,1,NaN,1,NaN,1
652,1,NaN,0,1,1
653,0,NaN,1,NaN,1
654,1,0,0,0,1
655,1,0,0,1,1
656,0,0,0,0,1
657,1,NaN,0,1,0
658,1,NaN,0,0,0
659,1,1,0,NaN,0
660,0,1,1,1,1
661,0,1,0,1,0
662,0,1,1,0,0
663,0,1,1,1,1
664,0,0,1,1,1
665,1,NaN,1,NaN,0
666,0,1,0,1,1
667,1,1,1,NaN,1
668,0,0,0,1,0
669,0,0,0,0,0
670,1,1,0,0,1
671,1,1,1,1,1
672,1,1,0,1,0
673,1,0,0,1,0
674,0,0,1,NaN,1
675,1,0,0,NaN,1
676,0,0,0,1,0
677,1,NaN,1,NaN,1
678,1,NaN,0,1,0
679,0,NaN,1,NaN,0
680,0,0,1,1,1
681,1,0,1,0,1
682,1,NaN,1,1,1
683,0,1,0,NaN,1
684,1,0,1,NaN,0
685,0,0,1,1,1
686,0,1,0,NaN,0
687,0,0,0,NaN,0
688,0,NaN,1,1,1
689,1,NaN,1,0,1
690,0,0,0,0,1
691,0,NaN,1,1,0
692,1,NaN,0,1,1
693,0,1,0,NaN,1
694,0,0,1,1,1
695,1,0,1,0,1
696,0,NaN,0,NaN,0
697,1,NaN,1,1,0
698,0,0,1,0,0
699,0,NaN,1,0,0
700,0,1,0,1,0
701,1,1,0,0,0
702,0,1,0,NaN,1
703,1,0,0,NaN,1
704,0,NaN,1,NaN,1
705,1,1,0,1,0
706,0,NaN,1,NaN,1
707,0,0,1,NaN,1
708,0,1,1,0,0
709,0,1,1,NaN,0
710,0,1,0,NaN,0
711,1,0,1,0,1
712,0,NaN,1,NaN,0
713,0,NaN,0,1,0
714,0,1,1,0,1
715,0,NaN,1,NaN,1
716,0,NaN,0,1,1
717,1,0,0,0,0
718,1,NaN,1,0,0
719,0,NaN,0,1,1
720,1,0,0,0,1
721,0,NaN,0,0,1
722,0,NaN,0,0,0
723,1,1,1,0,1
724,1,0,0,0,0
725,1,0,0,0,0
726,0,1,0,NaN,0
727,1,1,1,1,0
728,1,1,0,NaN,0
729,1,1,0,NaN,0
730,1,0,1,0,1
731,0,1,1,1,0
732,1,NaN,0,NaN,0
733,1,0,0,1,1
734,1,0,1,0,0
735,1,NaN,0,NaN,1
736,1,1,1,NaN,1
737,1,1,1,NaN,0
738,0,0,1,0,0
739,0,0,0,1,0
740,0,0,0,NaN,0
741,0,NaN,1,0,1
742,1,1,0,0,0
743,1,0,1,NaN,1
744,0,1,1,1,1
745,1,0,1,1,0
746,1,1,1,0,0
747,0,1,0,1,1
748,0,0,1,1,1
749,0,NaN,0,0,0
750,1,0,0,0,0
751,0,1,1,1,0
752,0,NaN,1,1,1
753,0,0,1,NaN,0
754,1,0,1,0,0
755,0,1,1,0,0
756,1,NaN,0,NaN,1
757,1,0,0,1,0
758,0,0,1,1,1
759,0,1,1,0,1
760,1,NaN,0,1,1
761,0,0,0,NaN,0
762,0,0,1,0,0
763,1,NaN,0,1,0
764,0,1,1,NaN,0
765,1,1,0,1,0
766,0,NaN,0,NaN,1
767,0,1,1,1,1
768,1,NaN,0,0,1
769,1,0,0,0,0
770,0,NaN,1,0,1
771,1,0,0,0,1
772,1,NaN,0,0,1
773,0,1,1,NaN,1
774,1,1,0,0,1
775,0,NaN,1,NaN,1
776,1,NaN,1,0,0
777,1,0,1,0,1
778,0,NaN,1,0,1
779,1,1,0,1,0
780,1,0,0,1,0
781,0,0,1,NaN,0
782,0,NaN,1,NaN,1
783,1,1,0,0,1
784,1,1,0,NaN,1
785,1,0,0,NaN,0
786,0,1,1,0,0
787,0,NaN,1,NaN,1
788,0,NaN,0,1,0
789,0,0,1,0,0
790,0,1,1,NaN,1
791,1,1,1,NaN,1
792,0,1,1,1,0
793,0,1,1,1,1
794,0,1,0,1,1
795,1,NaN,1,0,0
796,0,NaN,0,1,0
797,0,1,0,1,0
798,1,0,1,0,0
799,1,NaN,0,1,1
800,1,NaN,1,1,1
801,0,1,0,NaN,0
802,1,NaN,0,NaN,0
803,1,NaN,1,1,1
804,1,0,0,1,1
805,0,0,0,NaN,0
806,0,0,0,NaN,1
807,0,1,1,0,0
808,0,1,0,1,0
809,1,1,1,0,0
810,1,0,1,NaN,0
811,1,1,1,1,0
812,1,1,1,1,0
813,1,NaN,1,NaN,0
814,1,NaN,1,1,1
815,0,1,0,NaN,0
816,1,0,1,0,1
817,1,1,0,0,1
818,1,1,1,NaN,0
819,0,0,1,NaN,1
820,0,1,1,0,0
821,0,0,0,1,1
822,1,NaN,0,0,0
823,1,1,0,NaN,1
824,0,0,1,NaN,0
825,0,0,1,1,1
826,1,0,0,0,1
827,0,NaN,0,0,0
828,0,1,0,0,0
829,0,1,1,NaN,0
830,0,NaN,1,1,1
831,0,0,1,0,1
832,0,0,0,0,1
833,1,0,0,1,0
834,0,0,1,0,1
835,0,NaN,1,1,0
836,1,NaN,1,NaN,1
837,0,1,1,NaN,1
838,1,0,1,NaN,0
839,1,1,0,NaN,1
840,1,0,1,1,1
841,0,1,0,1,0
842,0,NaN,1,0,1
843,1,1,1,1,1
844,0,1,1,1,0
845,0,1,1,1,0
846,1,0,0,0,0
847,1,1,1,0,1
848,0,1,1,NaN,0
849,1,0,1,0,0
850,1,NaN,0,1,1
851,1,1,0,1,1
852,0,1,1,1,1
853,1,0,1,0,1
854,1,NaN,0,1,1
855,0,1,1,NaN,0
856,1,1,1,NaN,0
857,0,NaN,1,1,0
858,1,0,1,0,1
859,0,0,1,1,0
860,1,NaN,0,NaN,0
861,1,1,0,0,0
862,1,0,1,0,0
863,1,1,0,NaN,0
864,1,1,0,0,0
865,0,0,0,1,0
866,1,0,0,NaN,0
867,0,NaN,1,1,0
868,1,1,1,0,1
869,0,1,0,1,0
870,1,0,0,0,1
871,0,NaN,0,1,1
872,1,NaN,1,0,1
873,1,NaN,0,0,0
874,0,1,1,1,1
875,1,0,1,1,0
876,1,NaN,1,1,0
877,0,1,1,NaN,0
878,1,0,1,1,0
879,1,NaN,0,NaN,1
880,0,NaN,1,0,1
881,1,1,1,NaN,0
882,1,1,0,0,0
883,1,0,1,NaN,0
884,1,0,1,0,0
885,0,0,1,1,0
886,1,1,1,1,1
887,0,0,0,1,0
888,1,0,0,1,1
889,0,0,0,1,0
890,0,0,0,0,1
891,0,1,0,NaN,1
892,0,NaN,0,1,0
893,1,1,1,NaN,0
894,1,0,0,0,0
895,0,0,0,NaN,1
896,1,0,0,1,0
897,0,NaN,1,0,0
898,0,0,0,NaN,0
899,0,NaN,1,NaN,0
900,0,0,1,0,1
901,0,1,0,1,0
902,1,NaN,1,0,0
903,0,1,1,NaN,0
904,0,NaN,1,NaN,0
905,0,NaN,0,0,0
906,1,NaN,1,0,0
907,1,1,1,NaN,0
908,1,1,1,0,0
909,0,NaN,0,NaN,1
910,0,1,1,0,1
911,1,0,0,NaN,0
912,1,0,1,0,0
913,0,0,0,0,0
914,1,1,0,0,1
915,1,1,0,NaN,1
916,1,NaN,0,NaN,0
917,0,0,1,NaN,0
918,0,1,1,0,1
919,1,0,1,NaN,1
920,1,NaN,1,NaN,1
921,0,NaN,0,NaN,1
922,1,1,0,0,0
923,1,NaN,1,1,1
924,0,0,0,1,1
925,0,0,1,NaN,1
926,1,0,1,1,1
927,1,NaN,0,NaN,1
928,0,NaN,0,1,0
929,1,1,1,NaN,1
930,0,0,1,NaN,1
931,1,1,1,NaN,0
932,1,1,0,0,0
933,1,1,0,1,0
934,0,0,0,NaN,1
935,0,1,0,0,0
936,0,0,0,NaN,1
937,1,NaN,1,0,1
938,0,NaN,1,NaN,0
939,1,NaN,1,1,1
940,1,0,1,0,1
941,0,1,0,NaN,1
942,1,NaN,1,NaN,0
943,0,NaN,1,1,0
944,1,1,1,1,0
945,0,NaN,1,0,0
946,1,NaN,0,0,0
947,1,1,0,NaN,0
948,1,0,0,NaN,0
949,1,1,0,1,1
950,1,NaN,1,1,0
951,0,0,1,0,1
952,1,NaN,1,0,0
953,0,0,1,NaN,1
954,1,1,1,NaN,0
955,1,0,0,1,0
956,1,NaN,1,0,0
957,0,NaN,0,1,1
958,0,0,1,NaN,0
959,0,NaN,1,NaN,1
960,1,0,1,1,1
961,1,0,1,0,0
962,1,0,0,NaN,1
963,0,0,0,NaN,1
964,0,1,0,NaN,0
965,1,1,0,0,0
966,1,NaN,0,1,0
967,0,1,1,0,1
968,0,0,1,NaN,1
969,0,0,0,1,0
970,1,NaN,1,NaN,1
971,0,1,0,0,0
972,0,0,1,1,1
973,0,1,1,0,1
974,1,NaN,1,1,1
975,0,1,0,0,0
976,1,0,1,1,0
977,1,NaN,0,1,0
978,1,1,0,1,0
979,0,0,0,NaN,0
980,0,0,0,NaN,1
981,1,1,1,0,1
982,1,1,1,1,1
983,1,1,1,NaN,0
984,1,0,0,NaN,1
985,1,1,1,NaN,1
986,1,1,0,1,1
987,0,1,1,1,1
988,0,NaN,0,1,1
989,0,NaN,1,0,0
990,1,1,0,NaN,1
991,0,1,1,1,1
992,0,1,0,NaN,1
993,0,1,1,0,1
994,0,NaN,1,1,0
995,1,NaN,1,1,0
996,1,NaN,0,0,1
997,0,1,0,0,1
998,0,0,0,NaN,1
999,0,1,1,NaN,1
1000,1,0,1,0,0
1001,1,NaN,0,0,0
1002,1,NaN,1,1,0
1003,1,NaN,1,0,0
1004,0,0,0,0,0
1005,0,NaN,1,0,1
1006,1,0,1,NaN,0
1007,0,1,1,1,0
1008,1,0,1,NaN,1
1009,1,0,0,1,0
1010,0,0,1,0,1
1011,0,NaN,0,0,1
1012,1,NaN,1,NaN,1
1013,1,0,0,0,0
1014,0,1,1,1,0
1015,1,0,0,1,0
1016,0,NaN,0,1,0
1017,1,1,0,1,1
1018,1,1,0,0,1
1019,1,NaN,1,0,1
1020,0,0,0,1,0
1021,0,1,0,0,0
1022,1,0,0,0,1
1023,1,1,1,0,1
1024,0,NaN,0,1,1
1025,0,1,0,0,1
1026,0,NaN,0,0,0
1027,0,0,1,1,1
1028,0,1,1,1,0
1029,1,0,1,1,0
1030,0,0,1,0,1
1031,1,1,0,0,0
1032,0,0,0,NaN,1
1033,0,0,1,NaN,0
1034,0,NaN,0,0,1
1035,1,NaN,0,NaN,0
1036,1,0,1,NaN,0
1037,1,NaN,1,1,1
1038,0,1,1,NaN,1
1039,0,0,0,NaN,1
1040,0,0,0,1,1
1041,0,NaN,0,NaN,1
1042,1,NaN,1,0,0
1043,0,NaN,1,1,1
1044,0,1,0,1,0
1045,1,NaN,0,NaN,0
1046,0,1,0,0,0
1047,1,0,1,NaN,1
1048,1,NaN,0,NaN,0
1049,1,NaN,0,0,0
1050,0,NaN,0,NaN,1
1051,1,NaN,1,NaN,1
1052,1,NaN,1,1,0
1053,1,0,1,NaN,0
1054,1,NaN,0,1,0
1055,0,1,1,NaN,0
1056,1,1,1,NaN,0
1057,0,NaN,0,1,1
1058,1,1,1,0,0
1059,0,NaN,0,1,1
1060,1,0,0,0,0
1061,0,1,0,0,1
1062,1,NaN,0,1,1
1063,0,1,0,1,0
1064,1,1,0,0,1
1065,1,0,0,NaN,1
1066,1,NaN,0,0,0
1067,0,NaN,0,NaN,1
1068,1,1,1,1,1
1069,0,0,0,NaN,0
1070,0,1,1,0,1
1071,1,0,1,0,0
1072,1,1,1,0,0
1073,1,0,0,0,0
1074,0,1,0,1,1
1075,1,NaN,0,NaN,0
1076,0,NaN,1,NaN,0
1077,1,NaN,0,NaN,0
1078,0,0,1,1,1
1079,0,NaN,1,1,1
1080,1,1,1,1,0
1081,1,1,0,1,1
1082,1,0,1,1,1
1083,1,NaN,1,0,0
1084,1,NaN,0,0,0
1085,1,0,1,1,1
1086,0,NaN,0,0,1
1087,0,0,1,0,1
1088,1,NaN,0,1,0
1089,0,1,0,0,1
1090,1,0,1,0,0
1091,1,1,0,0,1
1092,1,0,1,0,0
1093,1,1,0,NaN,1
1094,1,0,0,NaN,0
1095,0,NaN,1,NaN,1
1096,0,NaN,0,0,0
1097,1,1,1,1,1
1098,1,NaN,0,0,1
1099,1,0,0,NaN,1
1100,1,0,0,1,1
1101,0,NaN,1,0,0
1102,1,0,0,0,0
1103,0,1,0,NaN,1
1104,1,1,1,1,0
1105,0,0,0,NaN,1
1106,1,0,1,NaN,1
1107,1,0,1,NaN,1
1108,0,1,1,1,0
1109,0,NaN,1,0,1
1110,1,1,1,1,1
1111,0,1,1,1,0
1112,0,1,0,NaN,1
1113,0,NaN,1,0,0
1114,0,1,1,0,1
1115,0,0,0,NaN,1
1116,1,NaN,0,0,0
1117,1,1,0,NaN,1
1118,0,0,1,0,1
1119,1,NaN,0,0,0
1120,0,1,0,0,1
1121,0,1,0,NaN,0
1122,0,1,0,0,1
1123,1,1,0,1,0
1124,0,0,1,1,1
1125,0,NaN,0,NaN,1
1126,0,NaN,0,1,1
1127,0,1,1,0,1
1128,0,NaN,1,1,1
1129,0,NaN,0,0,0
1130,0,0,0,0,1
1131,0,1,1,NaN,0
1132,1,0,0,1,0
1133,1,0,1,0,0
1134,1,NaN,0,0,1
1135,1,1,1,1,1
1136,0,1,1,0,0
1137,0,NaN,0,1,1
1138,0,NaN,1,0,1
1139,0,NaN,1,1,1
1140,0,1,0,1,1
1141,1,0,1,1,0
1142,0,NaN,1,0,1
1143,0,NaN,0,1,1
1144,0,0,1,0,1
1145,1,1,0,NaN,1
1146,1,1,0,NaN,1
1147,1,NaN,1,0,1
1148,1,0,0,0,0
1149,0,1,1,NaN,0
1150,1,NaN,0,1,0
1151,0,NaN,1,0,1
1152,0,0,0,1,1
1153,0,0,1,1,1
1154,1,0,1,1,0
1155,1,0,1,NaN,1
1156,0,NaN,0,0,1
1157,1,0,1,1,1
1158,1,NaN,0,1,0
1159,0,NaN,0,0,0
1160,1,0,0,NaN,1
1161,0,NaN,0,NaN,0
1162,1,NaN,0,0,0
1163,1,0,1,0,1
1164,0,NaN,0,NaN,0
1165,0,0,1,0,0
1166,0,NaN,1,1,0
1167,0,1,0,NaN,1
1168,0,1,0,0,1
1169,1,1,1,0,0
1170,0,NaN,1,1,1
1171,0,0,0,NaN,1
1172,0,NaN,1,NaN,1
1173,1,0,0,0,0
1174,0,NaN,0,1,0
1175,0,0,1,0,1
1176,0,NaN,0,0,0
1177,0,1,1,0,1
1178,1,1,0,0,0
1179,0,1,0,0,0
1180,1,1,1,NaN,0
1181,1,1,0,NaN,1
1182,1,0,0,0,0
1183,0,0,0,NaN,0
1184,1,NaN,1,0,1
1185,0,NaN,0,0,0
1186,0,0,0,NaN,0
1187,1,0,1,1,0
1188,0,1,1,1,0
1189,1,0,1,1,0
1190,1,0,0,NaN,0
1191,1,NaN,0,NaN,1
1192,0,0,0,1,1
1193,1,1,0,0,0
1194,1,1,1,NaN,0
1195,0,0,0,1,1
1196,1,1,1,NaN,0
1197,1,NaN,0,1,1
1198,1,NaN,1,NaN,1
1199,1,NaN,1,1,0
1200,0,1,0,1,0
1201,1,NaN,0,0,0
1202,1,NaN,0,NaN,1
1203,0,1,1,NaN,1
1204,1,0,1,NaN,1
1205,1,0,1,NaN,0
1206,0,1,0,0,0
1207,0,NaN,1,0,0
1208,1,0,1,1,1
1209,0,0,0,1,0
1210,1,NaN,0,0,0
1211,0,NaN,0,1,1
1212,1,NaN,1,0,1
1213,0,NaN,0,0,1
1214,0,1,1,0,0
1215,0,1,1,1,0
1216,1,1,0,1,0
1217,1,0,0,0,0
1218,1,0,1,NaN,0
1219,1,NaN,1,0,0
1220,0,0,0,NaN,0
1221,1,1,1,1,1
1222,0,0,1,NaN,0
1223,0,1,0,NaN,1
1224,1,0,1,0,1
1225,1,1,0,1,1
1226,0,1,0,NaN,1
1227,1,NaN,0,0,1
1228,1,0,1,NaN,1
1229,0,1,0,0,0
1230,0,1,1,NaN,0
1231,0,1,1,0,1
1232,1,1,1,1,0
1233,1,NaN,1,0,1
1234,0,1,0,0,0
1235,1,0,0,1,1
1236,0,1,0,1,0
1237,0,NaN,0,NaN,1
1238,1,NaN,0,0,1
1239,1,NaN,0,NaN,1
1240,0,NaN,0,0,0
1241,1,0,0,1,1
1242,1,1,0,NaN,0
1243,0,0,0,0,0
1244,0,0,1,0,0
1245,0,NaN,0,0,0
1246,0,0,0,1,1
1247,1,0,1,1,1
1248,0,1,1,NaN,1
1249,0,1,0,1,1
1250,1,NaN,0,NaN,1
1251,0,0,1,NaN,0
1252,0,0,1,0,0
1253,0,1,0,NaN,1
1254,0,1,1,NaN,0
1255,1,1,0,1,1
1256,1,1,1,NaN,0
1257,1,0,1,1,0
1258,1,1,0,NaN,0
1259,1,0,1,0,1
1260,1,1,0,1,1
1261,0,1,1,1,0
1262,0,0,0,NaN,0
1263,0,0,1,0,0
1264,0,0,0,1,1
1265,1,NaN,1,0,1
1266,0,0,1,0,0
1267,1,0,0,1,0
1268,0,0,1,NaN,1
1269,1,0,0,1,0
1270,0,1,1,1,0
1271,1,NaN,0,0,1
1272,1,1,1,NaN,0
1273,1,0,1,1,0
1274,1,0,1,1,1
1275,0,0,0,NaN,0
1276,0,0,1,1,0
1277,1,0,1,1,0
1278,1,0,1,NaN,0
1279,1,1,1,NaN,1
1280,0,NaN,0,0,1
1281,0,0,0,1,1
1282,1,1,1,NaN,0
1283,1,1,0,NaN,1
1284,0,NaN,1,1,1
1285,0,NaN,1,NaN,1
1286,0,1,0,NaN,0
1287,0,1,1,NaN,1
1288,1,1,1,NaN,1
1289,0,NaN,1,0,0
1290,0,1,0,NaN,1
1291,1,NaN,0,0,0
1292,0,1,0,0,0
1293,0,NaN,0,1,0
1294,0,1,0,NaN,0
1295,1,0,0,0,0
1296,0,0,1,1,1
1297,0,0,1,0,0
1298,1,NaN,1,1,0
1299,0,NaN,1,0,1
1300,0,1,1,NaN,1
1301,0,0,1,0,1
1302,0,1,0,NaN,0
1303,0,0,0,NaN,0
1304,0,1,1,NaN,0
1305,0,1,0,NaN,1
1306,0,0,1,1,1
1307,0,1,0,NaN,1
1308,0,1,0,NaN,0
1309,0,NaN,0,NaN,0
1310,1,1,0,0,0
1311,1,1,1,NaN,1
1312,0,0,1,1,1
1313,1,0,0,1,1
1314,1,NaN,0,NaN,1
1315,1,NaN,0,0,1
1316,1,NaN,1,NaN,0
1317,0,NaN,1,0,1
1318,1,1,1,0,0
1319,0,0,0,NaN,1
1320,0,0,0,1,0
1321,1,NaN,0,0,0
1322,0,NaN,0,0,1
1323,0,0,0,NaN,1
1324,1,NaN,1,0,1
1325,0,1,0,1,1
1326,1,NaN,1,0,1
1327,1,NaN,1,0,1
1328,1,0,1,1,0
1329,1,0,0,NaN,0
1330,1,0,1,NaN,0
1331,0,NaN,0,1,0
1332,1,NaN,1,0,0
1333,0,0,0,NaN,1
1334,1,0,0,0,1
1335,1,1,0,1,0
1336,0,1,1,0,1
1337,0,NaN,0,1,1
1338,0,1,1,0,0
1339,0,1,0,NaN,0
1340,1,NaN,0,1,0
1341,0,NaN,1,0,0
1342,1,1,1,1,1
1343,1,1,0,NaN,0
1344,0,1,0,NaN,1
1345,0,NaN,0,0,1
1346,0,0,1,NaN,1
1347,1,1,0,1,0
1348,0,NaN,0,1,0
1349,0,0,1,1,1
1350,0,1,1,0,0
1351,1,0,0,0,1
1352,0,NaN,1,0,0
1353,1,NaN,0,1,1
1354,1,NaN,1,NaN,0
1355,0,0,0,0,1
1356,0,1,1,0,0
1357,0,0,1,1,0
1358,1,1,1,NaN,0
1359,1,0,0,NaN,1
1360,1,NaN,1,NaN,1
1361,0,NaN,0,0,1
1362,1,NaN,1,0,1
1363,1,NaN,1,0,0
1364,1,NaN,0,1,1
1365,0,NaN,1,1,1
1366,1,0,0,1,0
1367,0,0,0,0,0
1368,0,1,0,0,0
1369,0,NaN,1,0,1
1370,1,1,1,1,0
1371,1,1,0,0,0
1372,0,1,1,1,0
1373,0,1,0,NaN,0
1374,0,NaN,1,0,1
1375,1,0,1,0,0
1376,1,NaN,0,1,0
1377,1,0,0,1,1
1378,0,1,0,0,1
1379,0,1,1,0,0
1380,1,1,1,0,1
1381,0,1,0,NaN,1
1382,0,0,1,1,0
1383,0,NaN,1,NaN,1
1384,1,1,1,0,1
1385,1,0,1,1,0
1386,1,1,1,0,0
1387,0,1,1,1,1
1388,1,1,1,NaN,1
1389,1,1,0,1,1
1390,1,NaN,0,1,0
1391,0,0,1,0,1
1392,0,1,0,1,0
1393,0,1,1,NaN,1
1394,0,NaN,1,0,1
1395,1,0,1,1,0
1396,1,1,1,0,1
1397,1,0,0,1,0
1398,1,NaN,0,1,1
1399,0,0,1,1,0
1400,0,1,1,NaN,1
1401,1,1,1,NaN,1
1402,0,NaN,1,NaN,0
1403,1,1,0,NaN,0
1404,1,NaN,1,1,1
1405,0,1,0,NaN,1
1406,0,0,0,NaN,0
1407,0,0,1,0,1
1408,1,0,1,1,0
1409,1,1,1,0,0
1410,1,0,0,0,0
1411,1,1,0,1,1
1412,1,1,0,0,0
1413,1,0,1,NaN,1
1414,1,1,0,1,1
1415,0,1,1,NaN,0
1416,1,NaN,1,NaN,0
1417,1,1,1,1,0
1418,0,0,0,0,0
1419,0,1,1,1,0
1420,1,NaN,0,1,1
1421,1,NaN,1,NaN,0
1422,0,NaN,0,0,0
1423,1,0,1,1,1
1424,1,1,1,1,0
1425,0,0,1,0,1
1426,1,1,1,NaN,1
1427,1,0,0,1,0
1428,0,0,0,0,0
1429,0,NaN,0,NaN,1
1430,1,1,0,NaN,1
1431,1,1,0,0,1
1432,0,0,0,1,1
1433,0,0,1,0,1
1434,1,NaN,1,1,1
1435,0,0,1,NaN,0
1436,0,NaN,0,0,0
1437,0,NaN,1,NaN,0
1438,1,1,0,1,1
1439,0,0,0,NaN,1
1440,0,NaN,1,NaN,1
1441,1,NaN,0,0,0
1442,1,0,0,NaN,1
1443,1,0,1,1,1
1444,1,0,1,NaN,0
1445,1,NaN,0,NaN,0
1446,1,1,0,0,1
1447,0,NaN,1,NaN,0
1448,0,0,1,1,0
1449,0,NaN,0,NaN,1
1450,0,0,1,NaN,1
1451,1,1,0,1,0
1452,0,NaN,1,NaN,0
1453,0,0,0,NaN,1
1454,0,1,1,NaN,1
1455,0,0,0,NaN,1
1456,1,NaN,1,NaN,1
1457,1,NaN,0,1,0
1458,0,0,0,0,0
1459,0,0,0,NaN,1
1460,0,0,1,NaN,0
1461,1,0,0,1,0
1462,0,1,0,NaN,1
1463,1,NaN,0,NaN,1
1464,0,1,1,1,0
1465,1,1,1,NaN,0
1466,1,1,1,NaN,0
1467,0,0,0,NaN,0
1468,0,1,1,1,0
1469,1,1,0,NaN,0
1470,1,NaN,1,NaN,1
1471,1,NaN,0,NaN,0
1472,1,NaN,0,0,0
1473,0,1,1,0,1
1474,1,0,0,NaN,0
1475,1,NaN,1,NaN,1
1476,0,0,1,1,1
1477,0,NaN,0,NaN,0
1478,0,NaN,0,1,0
1479,0,1,1,1,1
1480,1,0,1,NaN,0
1481,1,1,0,NaN,1
1482,1,0,0,1,1
1483,1,1,0,0,1
1484,1,NaN,0,0,1
1485,0,1,1,NaN,1
1486,0,0,1,0,1
1487,1,1,0,NaN,0
1488,0,0,0,NaN,1
1489,0,0,1,1,0
1490,1,NaN,0,NaN,0
1491,0,0,1,1,0
1492,1,1,1,1,0
1493,0,1,1,1,1
1494,1,0,0,1,0
1495,0,1,0,NaN,1
1496,0,1,0,1,0
1497,1,NaN,0,1,0
1498,0,1,1,0,0
1499,1,1,0,1,0
1500,1,1,0,1,1
1501,0,NaN,1,0,0
1502,0,NaN,1,1,1
1503,0,0,1,1,1
1504,0,NaN,0,1,1
1505,0,0,0,0,0
1506,0,1,0,1,0
1507,0,1,0,NaN,0
1508,0,NaN,1,0,0
1509,0,1,0,1,1
1510,0,1,1,NaN,0
1511,0,0,0,1,1
1512,1,1,1,NaN,0
1513,1,0,0,NaN,0
1514,0,0,1,NaN,1
1515,1,0,0,NaN,1
1516,0,NaN,1,NaN,0
1517,0,NaN,1,1,1
1518,1,1,1,1,1
1519,1,NaN,1,0,1
1520,0,NaN,0,NaN,1
1521,0,1,0,1,1
1522,0,NaN,0,0,1
1523,1,1,1,0,0
1524,1,0,0,1,1
1525,1,NaN,1,NaN,0
1526,0,NaN,1,0,1
1527,1,1,0,1,1
1528,0,NaN,0,1,0
1529,0,0,1,NaN,1
1530,1,NaN,1,NaN,0
1531,0,0,0,NaN,1
1532,1,0,0,1,0
1533,0,NaN,0,1,1
1534,0,NaN,0,1,0
1535,1,NaN,1,NaN,1
1536,1,1,0,NaN,1
1537,0,NaN,1,NaN,0
1538,0,NaN,1,NaN,1
1539,0,0,1,0,1
1540,0,0,0,1,1
1541,0,0,0,0,0
1542,1,0,1,1,1
1543,0,NaN,1,1,0
1544,0,1,0,NaN,0
1545,1,1,0,0,0
1546,0,1,0,1,0
1547,0,1,1,1,0
1548,0,NaN,0,1,0
1549,0,0,1,0,1
1550,1,0,1,1,1
1551,0,NaN,1,0,0
1552,0,0,1,0,0
1553,0,NaN,0,0,1
1554,1,NaN,1,0,0
1555,1,NaN,1,0,1
1556,0,0,0,NaN,0
1557,0,1,1,1,1
1558,0,NaN,1,1,1
1559,1,1,0,1,0
1560,0,NaN,0,0,1
1561,1,0,0,0,0
1562,1,1,0,0,1
1563,0,1,0,0,0
1564,1,0,1,1,0
1565,1,1,1,NaN,0
1566,0,NaN,0,1,1
1567,1,0,1,1,1
1568,0,NaN,0,0,1
1569,0,NaN,1,NaN,0
1570,0,1,0,1,1
1571,0,0,0,NaN,0
1572,0,0,1,1,0
1573,0,1,1,0,0
1574,0,1,1,0,1
1575,0,0,1,1,1
1576,1,NaN,1,1,1
1577,1,1,0,1,0
1578,1,NaN,1,NaN,1
1579,0,1,0,0,1
1580,0,1,1,1,0
1581,0,NaN,0,1,0
1582,0,0,1,1,1
1583,1,NaN,1,1,0
1584,1,NaN,1,1,1
1585,1,1,0,0,0
1586,0,NaN,0,0,1
1587,0,1,1,1,0
1588,1,NaN,0,0,1
1589,0,NaN,1,0,1
1590,1,0,1,1,1
1591,0,0,0,1,0
1592,1,NaN,1,NaN,0
1593,0,0,1,1,1
1594,1,0,0,1,0
1595,1,0,0,NaN,1
1596,0,0,0,0,1
1597,0,0,1,0,1
1598,0,0,0,1,1
1599,0,1,0,0,1
1600,0,1,1,NaN,1
1601,1,0,1,NaN,1
1602,1,0,0,0,0
1603,0,1,1,1,0
1604,0,0,0,1,0
1605,1,NaN,1,1,0
1606,0,NaN,1,1,0
1607,1,1,1,NaN,1
1608,1,0,1,0,1
1609,0,1,0,1,0
1610,1,1,0,1,0
1611,0,1,0,1,1
1612,0,1,1,1,0
1613,1,0,0,1,0
1614,1,NaN,1,1,1
1615,0,1,0,NaN,0
1616,0,NaN,0,1,1
1617,0,1,1,1,0
1618,0,0,1,NaN,0
1619,1,NaN,0,0,0
1620,1,NaN,1,1,1
1621,1,NaN,0,0,0
1622,1,1,0,NaN,1
1623,1,NaN,0,NaN,0
1624,1,1,0,1,0
1625,0,NaN,0,1,0
1626,1,NaN,1,1,1
1627,0,NaN,0,NaN,0
1628,0,NaN,1,1,1
1629,1,NaN,0,0,0
1630,0,0,1,1,0
1631,0,0,1,0,0
1632,0,0,1,0,0
1633,0,0,1,0,1
1634,0,1,1,0,1
1635,1,NaN,0,0,0
1636,1,1,1,NaN,1
1637,1,NaN,1,0,1
1638,1,NaN,1,0,1
1639,0,0,1,0,0
1640,0,NaN,0,1,0
1641,0,0,1,NaN,0
1642,0,0,1,NaN,1
1643,0,0,1,NaN,1
1644,1,0,1,1,1
1645,0,0,1,0,1
1646,0,1,0,0,1
1647,0,NaN,1,0,0
1648,0,NaN,0,0,1
1649,0,0,1,1,0
1650,0,0,0,1,1
1651,0,0,1,1,0
1652,0,1,1,NaN,0
1653,1,NaN,1,NaN,1
1654,1,1,0,0,0
1655,0,0,1,1,0
1656,1,NaN,0,1,0
1657,1,NaN,1,1,1
1658,0,NaN,0,0,0
1659,1,0,0,NaN,0
1660,1,NaN,1,1,0
1661,1,NaN,0,0,0
1662,1,1,0,0,1
1663,0,1,0,1,0
1664,0,1,0,1,1
1665,1,NaN,1,0,0
1666,1,1,0,0,0
1667,1,0,1,NaN,1
1668,1,0,1,1,0
1669,1,0,0,NaN,1
1670,1,1,1,0,0
1671,0,0,0,NaN,1
1672,0,1,0,0,0
1673,0,NaN,1,1,0
1674,0,1,1,1,0
1675,1,NaN,1,1,0
1676,0,1,1,NaN,0
1677,1,0,1,NaN,1
1678,1,NaN,1,0,1
1679,0,1,1,1,0
1680,1,NaN,1,0,0
1681,1,0,0,1,0
1682,0,NaN,0,NaN,0
1683,0,0,0,0,0
1684,1,NaN,1,1,0
1685,0,NaN,0,NaN,1
1686,0,0,1,0,1
1687,1,1,0,NaN,0
1688,1,1,1,NaN,0
1689,0,1,1,1,1
1690,1,1,1,0,1
1691,1,NaN,1,0,1
1692,0,NaN,1,1,0
1693,0,NaN,1,0,1
1694,0,0,1,0,1
1695,0,0,1,0,0
1696,1,0,0,0,0
1697,0,0,1,1,1
1698,1,1,0,0,0
1699,1,0,1,1,1
1700,0,0,1,NaN,0
1701,0,NaN,1,NaN,1
1702,0,NaN,1,0,1
1703,0,1,1,NaN,0
1704,1,NaN,1,NaN,1
1705,0,NaN,0,0,0
1706,1,1,0,0,0
1707,1,1,0,0,1
1708,0,1,1,0,1
1709,0,NaN,0,1,1
1710,1,NaN,1,NaN,0
1711,0,NaN,1,0,1
1712,1,NaN,0,0,1
1713,0,NaN,0,NaN,0
1714,0,NaN,1,NaN,1
1715,0,1,0,1,1
1716,0,0,0,0,1
1717,0,NaN,1,1,0
1718,0,0,1,0,0
1719,0,0,1,0,1
1720,0,0,0,NaN,1
1721,1,1,1,NaN,0
1722,1,NaN,1,1,1
1723,0,1,1,1,1
1724,1,1,1,1,0
1725,0,1,0,NaN,0
1726,1,1,1,0,0
1727,1,NaN,1,NaN,0
1728,1,0,0,NaN,1
1729,1,NaN,0,0,0
1730,0,1,1,NaN,0
1731,1,1,1,NaN,0
1732,1,NaN,0,1,0
1733,0,0,1,NaN,1
1734,1,NaN,0,0,0
1735,0,NaN,1,NaN,0
1736,1,0,1,0,1
1737,0,1,1,1,1
1738,0,0,0,0,0
1739,1,0,0,0,0
1740,0,NaN,1,NaN,0
1741,0,1,0,NaN,0
1742,1,1,1,1,1
1743,0,0,1,1,0
1744,1,0,1,NaN,1
1745,0,NaN,1,NaN,0
1746,1,0,0,NaN,0
1747,1,0,1,0,1
1748,0,NaN,0,0,0
1749,0,0,1,0,0
1750,0,NaN,0,NaN,0
1751,1,0,0,NaN,0
1752,0,NaN,1,1,1
1753,0,0,1,1,0
1754,1,0,0,NaN,1
1755,1,1,0,1,0
1756,1,0,1,NaN,0
1757,0,NaN,0,0,1
1758,1,0,1,NaN,0
1759,1,0,1,1,0
1760,1,0,0,1,0
1761,0,1,1,0,1
1762,1,0,0,NaN,1
1763,0,1,1,NaN,0
1764,0,1,0,0,1
1765,1,NaN,1,NaN,0
1766,1,1,0,1,0
1767,1,0,0,NaN,0
1768,0,NaN,1,0,1
1769,1,0,0,NaN,0
1770,1,0,1,1,1
1771,0,1,1,1,0
1772,1,0,0,NaN,0
1773,1,1,1,1,0
1774,1,0,1,0,0
1775,0,NaN,1,NaN,1
1776,0,0,1,0,0
1777,1,NaN,1,1,1
1778,0,1,1,0,1
1779,0,NaN,0,0,1
1780,1,NaN,1,1,0
1781,0,1,0,1,0
1782,1,NaN,1,0,0
1783,0,NaN,0,NaN,0
1784,1,NaN,0,0,1
1785,1,1,0,1,1
1786,1,1,0,1,1
1787,1,1,1,1,0
1788,0,NaN,0,1,0
1789,0,1,1,0,0
1790,0,1,0,NaN,0
1791,0,0,0,0,0
1792,1,0,1,NaN,0
1793,0,1,1,1,0
1794,0,1,1,1,1
1795,0,1,0,0,0
1796,0,1,1,0,1
1797,1,NaN,0,0,0
1798,0,1,1,1,1
1799,1,NaN,1,1,1
1800,0,1,0,1,1
1801,1,NaN,1,0,1
1802,1,1,1,1,1
1803,0,0,1,NaN,0
1804,1,NaN,0,1,0
1805,0,NaN,1,1,1
1806,0,0,0,NaN,0
1807,0,0,1,0,0
1808,1,1,1,1,0
1809,1,0,0,NaN,1
1810,1,1,0,NaN,1
1811,0,0,1,1,1
1812,1,0,1,NaN,1
1813,1,0,0,NaN,0
1814,1,1,1,0,0
1815,0,0,0,NaN,1
1816,0,NaN,0,NaN,1
1817,1,0,0,NaN,1
1818,0,NaN,1,1,1
1819,0,0,1,NaN,0
1820,0,0,0,1,1
1821,0,0,0,1,1
1822,0,0,1,NaN,0
1823,1,NaN,0,NaN,1
1824,1,NaN,0,NaN,0
1825,1,1,1,0,1
1826,0,1,1,NaN,1
1827,0,NaN,1,NaN,0
1828,0,0,0,0,0
1829,0,NaN,1,1,1
1830,1,NaN,1,0,1
1831,1,NaN,1,NaN,0
1832,1,NaN,1,1,1
1833,1,0,1,NaN,1
1834,0,1,1,1,1
1835,0,NaN,1,0,1
1836,0,NaN,1,NaN,0
1837,1,1,0,0,0
1838,1,0,0,NaN,1
1839,0,1,1,NaN,0
1840,1,NaN,0,0,1
1841,0,0,1,NaN,0
1842,0,NaN,0,NaN,1
1843,1,NaN,1,1,0
1844,1,0,1,1,0
1845,1,0,0,1,0
1846,0,1,1,1,1
1847,0,0,1,1,0
1848,0,1,1,0,1
1849,0,1,1,NaN,1
1850,0,1,1,NaN,0
1851,1,0,0,1,1
1852,1,1,1,1,0
1853,0,1,0,0,0
1854,1,NaN,1,1,0
1855,1,0,1,NaN,1
1856,1,1,1,0,1
1857,0,1,0,NaN,1
1858,1,1,0,1,0
1859,1,1,0,NaN,1
1860,0,NaN,0,1,1
1861,0,NaN,0,1,1
1862,1,1,0,1,0
1863,1,0,0,0,1
1864,0,0,1,0,0
1865,1,0,1,1,0
1866,0,1,1,NaN,0
1867,0,0,0,1,0
1868,1,NaN,1,0,1
1869,0,NaN,1,1,1
1870,0,0,0,0,1
1871,0,1,1,0,1
1872,1,1,0,1,1
1873,1,0,1,0,1
1874,0,1,1,NaN,1
1875,0,0,0,1,0
1876,0,NaN,0,1,1
1877,1,0,1,1,1
1878,0,NaN,0,NaN,0
1879,0,0,0,1,0
1880,0,NaN,1,0,1
1881,0,NaN,1,1,1
1882,0,0,0,1,0
1883,0,1,1,1,0
1884,0,NaN,1,1,0
1885,1,1,1,1,0
1886,0,0,0,NaN,1
1887,1,0,1,1,0
1888,1,NaN,0,NaN,0
1889,0,0,0,1,1
1890,0,1,0,0,0
1891,0,1,1,NaN,1
1892,0,0,0,NaN,1
1893,0,1,1,1,1
1894,0,NaN,1,NaN,0
1895,1,1,0,NaN,0
1896,0,1,0,NaN,0
1897,1,1,0,1,0
1898,1,NaN,1,1,1
1899,0,1,0,1,1
1900,1,0,0,NaN,0
1901,1,0,0,1,0
1902,0,0,1,0,0
1903,0,NaN,1,0,0
1904,0,NaN,1,NaN,0
1905,0,NaN,0,0,0
1906,1,NaN,0,NaN,1
1907,1,NaN,0,0,1
1908,1,0,1,0,0
1909,1,0,0,NaN,1
1910,0,0,0,NaN,1
1911,0,NaN,0,NaN,1
1912,1,NaN,1,1,1
1913,1,1,1,0,0
1914,0,1,1,1,1
1915,1,0,0,NaN,0
1916,0,0,1,0,0
1917,1,1,1,1,0
1918,1,0,0,1,0
1919,1,1,0,NaN,1
1920,1,NaN,1,0,0
1921,1,1,0,0,0
1922,0,NaN,0,NaN,1
1923,0,1,1,NaN,0
1924,1,1,0,0,1
1925,0,0,0,0,1
1926,1,0,0,0,1
1927,0,0,1,NaN,0
1928,0,NaN,1,0,1
1929,0,0,1,NaN,1
1930,0,0,0,0,1
1931,1,1,0,1,1
1932,0,0,0,1,0
1933,0,1,1,NaN,1
1934,1,1,1,NaN,1
1935,0,NaN,0,0,0
1936,0,NaN,0,1,1
1937,1,0,1,1,0
1938,1,NaN,1,1,1
1939,0,1,1,NaN,1
1940,0,NaN,0,1,1
1941,1,NaN,0,1,1
1942,1,NaN,0,0,1
1943,1,NaN,1,NaN,0
1944,0,NaN,1,1,0
1945,0,NaN,0,0,0
1946,1,1,0,NaN,1
1947,1,0,1,1,0
1948,0,0,1,1,0
1949,0,NaN,1,1,0
1950,1,0,0,1,0
1951,0,0,0,0,1
1952,1,NaN,1,NaN,0
1953,1,NaN,1,0,1
1954,1,NaN,1,0,1
1955,0,0,0,NaN,0
1956,1,0,1,1,1
1957,1,0,0,NaN,1
1958,0,NaN,0,0,0
1959,0,0,0,0,0
1960,0,1,0,NaN,0
1961,1,NaN,0,1,1
1962,0,1,1,0,1
1963,0,1,0,0,1
1964,0,0,0,NaN,0
1965,0,1,0,NaN,1
1966,1,0,1,NaN,0
1967,1,0,1,1,0
1968,1,0,0,NaN,0
1969,0,0,0,1,0
1970,1,1,0,1,0
1971,1,0,0,0,0
1972,1,1,1,1,1
1973,0,1,0,0,1
1974,1,0,1,1,0
1975,0,1,0,0,0
1976,1,1,0,0,1
1977,1,1,0,0,1
1978,0,NaN,0,NaN,0
1979,0,0,1,NaN,1
1980,1,NaN,1,NaN,0
1981,0,1,0,1,1
1982,0,0,0,0,0
1983,1,NaN,1,NaN,1
1984,0,1,1,1,0
1985,1,0,1,NaN,0
1986,0,1,1,NaN,0
1987,1,NaN,0,NaN,0
1988,0,0,0,NaN,0
1989,0,1,0,NaN,1
1990,1,0,1,1,0
1991,0,NaN,0,NaN,0
1992,0,NaN,1,NaN,1
1993,1,0,0,1,0
1994,1,0,0,0,1
1995,0,0,1,0,0
1996,1,NaN,1,1,0
1997,0,0,0,0,1
1998,1,0,1,NaN,1
1999,1,1,0,0,0
2000,1,0,1,0,1
2001,1,NaN,0,1,1
2002,1,1,1,0,1
2003,0,0,1,0,0
2004,1,NaN,0,1,0
2005,1,1,1,1,0
2006,0,NaN,1,0,0
2007,0,0,1,1,1
2008,0,1,0,NaN,0
2009,0,0,1,NaN,1
2010,1,NaN,0,NaN,0
2011,0,1,0,NaN,0
2012,1,1,1,0,0
2013,1,0,1,1,0
2014,1,NaN,0,NaN,1
2015,0,0,0,0,0
2016,0,1,0,NaN,0
2017,1,0,1,0,0
2018,1,1,1,1,1
2019,0,NaN,1,0,1
2020,1,1,0,0,1
2021,1,1,1,1,0
2022,0,0,0,1,0
2023,1,1,1,0,1
2024,1,0,1,0,0
2025,1,0,0,NaN,1
2026,0,0,0,NaN,1
2027,1,1,0,NaN,0
2028,0,1,0,0,1
2029,1,0,1,0,0
2030,1,0,1,1,1
2031,1,1,1,1,0
2032,1,0,1,NaN,0
2033,0,NaN,0,1,1
2034,1,0,0,0,0
2035,0,1,0,0,1
2036,1,NaN,0,1,0
2037,0,NaN,1,NaN,1
2038,1,1,1,NaN,0
2039,0,0,1,0,0
2040,1,1,0,0,0
2041,1,0,0,0,1
2042,0,NaN,1,NaN,0
2043,1,0,1,0,1
2044,1,1,0,0,0
2045,0,0,1,NaN,0
2046,1,0,0,1,1
2047,1,0,0,1,0
2048,0,1,0,0,0
2049,1,0,1,1,1
2050,0,NaN,0,1,1
2051,1,1,1,NaN,1
2052,1,NaN,1,1,0
2053,1,NaN,0,1,1
2054,1,1,0,1,1
2055,1,NaN,1,1,1
2056,1,1,0,1,1
2057,0,0,0,0,0
2058,0,NaN,1,1,1
2059,0,0,0,1,0
2060,1,NaN,1,1,1
2061,1,1,0,0,1
2062,0,NaN,1,NaN,0
2063,1,NaN,1,0,0
2064,0,0,1,NaN,1
2065,0,NaN,0,NaN,1
2066,1,NaN,0,0,1
2067,1,0,1,0,1
2068,0,0,1,NaN,0
2069,0,NaN,1,0,0
2070,1,1,0,0,1
2071,1,1,0,1,1
2072,0,0,0,0,1
2073,1,NaN,0,0,1
2074,1,0,0,NaN,1
2075,1,1,0,1,0
2076,0,0,0,NaN,1
2077,1,1,1,NaN,1
2078,0,0,1,0,0
2079,0,1,0,1,1
2080,0,1,1,1,1
2081,1,NaN,0,NaN,0
2082,1,0,1,1,1
2083,0,NaN,0,1,1
2084,0,0,1,1,1
2085,0,NaN,1,0,0
2086,1,0,1,1,1
2087,1,0,1,NaN,0
2088,0,NaN,1,1,1
2089,1,0,1,1,1
2090,0,1,1,NaN,0
2091,0,NaN,0,1,1
2092,0,NaN,0,NaN,1
2093,1,1,0,NaN,0
2094,1,0,0,NaN,1
2095,1,NaN,1,1,1
2096,1,1,0,NaN,0
2097,0,1,1,1,0
2098,0,NaN,0,NaN,0
2099,1,1,0,0,1
2100,1,NaN,0,0,1
2101,0,0,1,1,1
2102,1,1,1,NaN,1
2103,0,0,1,1,0
2104,1,NaN,0,0,0
2105,1,0,1,0,1
2106,0,NaN,0,NaN,1
2107,0,0,0,1,1
2108,1,1,0,NaN,0
2109,1,0,1,1,1
2110,0,NaN,0,1,1
2111,1,0,0,1,1
2112,0,1,1,NaN,1
2113,1,NaN,0,NaN,0
2114,1,NaN,1,NaN,1
2115,1,0,1,0,1
2116,0,1,0,NaN,0
2117,0,1,1,0,1
2118,1,1,1,1,0
2119,1,1,0,NaN,1
2120,0,1,0,0,1
2121,0,NaN,1,0,0
2122,1,1,0,1,0
2123,1,1,1,0,1
2124,0,NaN,1,1,0
2125,0,NaN,0,0,1
2126,1,NaN,0,0,1
2127,0,NaN,0,1,0
2128,1,0,1,0,0
2129,1,0,1,NaN,1
2130,1,0,0,0,0
2131,1,0,0,NaN,0
2132,0,0,0,0,0
2133,0,0,0,1,0
2134,1,0,0,0,0
2135,0,1,1,0,0
2136,0,0,0,NaN,1
2137,1,NaN,1,NaN,1
2138,0,NaN,0,0,1
2139,1,1,1,NaN,1
2140,0,1,1,NaN,0
2141,1,NaN,0,NaN,1
2142,1,1,1,NaN,0
2143,0,NaN,0,1,1
2144,0,NaN,0,NaN,1
2145,1,NaN,1,0,0
2146,0,0,0,0,0
2147,1,1,0,1,1
2148,1,1,1,NaN,0
2149,1,0,0,0,0
2150,1,0,0,1,0
2151,1,0,0,1,1
2152,0,NaN,1,NaN,0
2153,0,0,0,NaN,0
2154,1,0,1,NaN,1
2155,1,0,1,0,1
2156,1,1,1,0,0
2157,1,1,1,0,1
2158,0,NaN,0,1,1
2159,0,0,0,NaN,1
2160,1,0,0,0,1
2161,1,NaN,0,NaN,1
2162,1,1,0,1,1
2163,1,0,1,0,1
2164,0,1,1,0,1
2165,1,1,1,0,0
2166,0,0,0,0,0
2167,1,0,1,1,1
2168,1,0,0,NaN,1
2169,0,NaN,0,1,1
2170,1,NaN,1,NaN,1
2171,0,0,1,1,0
2172,1,1,0,0,1
2173,0,NaN,0,1,0
2174,0,0,1,1,1
2175,0,1,1,1,1
2176,1,NaN,1,NaN,0
2177,1,NaN,0,0,1
2178,0,NaN,0,0,0
2179,1,1,1,1,0
2180,1,NaN,1,0,1
2181,1,0,0,0,1
2182,1,0,1,1,1
2183,1,1,0,0,1
2184,1,NaN,0,1,0
2185,0,NaN,0,0,1
2186,1,1,1,0,1
2187,1,1,0,0,1
2188,1,1,1,NaN,0
2189,1,NaN,1,NaN,1
2190,0,1,0,NaN,1
2191,0,NaN,1,0,1
2192,1,NaN,0,NaN,0
2193,0,1,0,0,1
2194,0,0,1,1,1
2195,1,NaN,1,1,1
2196,1,0,0,NaN,1
2197,0,1,0,NaN,0
2198,1,0,1,1,1
2199,1,1,0,NaN,1
2200,1,NaN,1,NaN,0
2201,0,0,1,1,0
2202,0,NaN,0,NaN,0
2203,1,0,1,NaN,1
2204,0,1,1,NaN,1
2205,0,NaN,1,NaN,1
2206,1,0,0,1,0
2207,0,NaN,0,0,0
2208,1,0,1,0,1
2209,1,NaN,0,NaN,1
2210,0,0,1,0,0
2211,1,1,0,1,1
2212,1,NaN,0,1,0
2213,1,NaN,0,1,0
2214,0,1,0,0,1
2215,1,0,1,1,1
2216,0,0,1,NaN,1
2217,1,1,0,0,1
2218,0,0,1,1,0
2219,1,NaN,0,0,1
2220,1,0,0,1,1
2221,1,NaN,0,0,0
2222,0,0,1,1,0
2223,1,NaN,0,NaN,0
2224,1,NaN,0,0,1
2225,0,0,1,1,0
2226,0,NaN,0,1,1
2227,0,0,0,0,1
2228,0,1,1,0,1
2229,0,NaN,1,NaN,0
2230,1,NaN,0,0,0
2231,1,0,1,NaN,0
2232,0,0,1,1,1
2233,0,0,1,0,1
2234,1,0,0,1,1
2235,1,NaN,0,0,1
2236,1,1,1,1,1
2237,0,0,1,1,0
2238,1,NaN,1,1,0
2239,1,1,0,0,0
2240,1,0,0,0,0
2241,1,NaN,1,0,1
2242,1,1,1,0,0
2243,1,NaN,1,1,1
2244,0,0,0,NaN,0
2245,0,0,1,0,0
2246,0,NaN,1,0,1
2247,0,1,1,NaN,1
2248,1,1,0,NaN,0
2249,0,0,0,0,0
2250,0,0,0,1,1
2251,1,NaN,0,NaN,1
2252,1,NaN,1,NaN,0
2253,0,NaN,1,0,0
2254,0,NaN,0,NaN,0
2255,1,NaN,1,0,1
2256,1,1,0,NaN,1
2257,0,NaN,0,NaN,0
2258,1,1,0,1,1
2259,1,1,0,0,0
2260,1,NaN,1,1,1
2261,0,1,1,1,0
2262,0,0,0,1,1
2263,1,1,0,1,0
2264,1,0,1,1,0
2265,0,1,0,1,0
2266,1,0,1,1,0
2267,1,NaN,0,0,1
2268,0,0,0,NaN,1
2269,0,NaN,1,1,0
2270,0,0,0,NaN,1
2271,1,0,1,1,0
2272,1,0,0,1,1
2273,1,0,1,NaN,0
2274,1,NaN,0,NaN,1
2275,1,NaN,0,1,1
2276,0,1,1,NaN,0
2277,1,NaN,1,0,0
2278,1,NaN,0,0,1
2279,0,0,1,NaN,0
2280,0,1,1,1,0
2281,1,NaN,0,0,0
2282,1,1,1,1,1
2283,0,0,1,1,0
2284,0,1,1,NaN,1
2285,1,0,1,NaN,0
2286,1,NaN,0,1,0
2287,1,0,0,NaN,1
2288,0,0,1,0,1
2289,1,NaN,0,0,0
2290,0,1,0,0,0
2291,0,NaN,0,1,1
2292,0,NaN,0,0,0
2293,1,0,1,1,1
2294,1,NaN,0,1,0
2295,1,0,1,0,1
2296,1,1,0,0,0
2297,1,NaN,1,1,0
2298,0,NaN,1,1,0
2299,0,0,0,NaN,0
2300,1,NaN,1,0,0
2301,0,0,0,0,0
2302,0,1,0,NaN,1
2303,0,1,0,NaN,1
2304,1,1,0,0,1
2305,0,0,1,NaN,0
2306,1,0,1,0,1
2307,0,1,0,1,1
2308,0,NaN,1,1,0
2309,0,0,0,1,0
2310,0,0,0,NaN,1
2311,0,0,1,1,1
2312,0,NaN,1,NaN,0
2313,0,NaN,1,NaN,0
2314,0,1,0,NaN,0
2315,1,NaN,0,0,1
2316,1,0,0,NaN,0
2317,0,0,0,NaN,1
2318,1,NaN,1,0,1
2319,0,NaN,0,1,1
2320,0,NaN,1,0,0
2321,1,0,0,1,0
2322,0,1,1,0,1
2323,1,0,1,NaN,0
2324,1,0,1,NaN,1
2325,0,NaN,1,0,1
2326,1,1,0,0,0
2327,1,NaN,1,0,0
2328,0,NaN,0,0,1
2329,0,NaN,0,NaN,0
2330,1,NaN,1,0,1
2331,0,1,0,0,1
2332,0,1,0,0,0
2333,1,1,1,0,0
2334,0,NaN,0,NaN,0
2335,0,NaN,1,NaN,1
2336,1,NaN,1,1,1
2337,1,NaN,1,NaN,0
2338,1,0,0,0,1
2339,0,1,1,1,0
2340,1,1,0,0,0
2341,0,0,1,0,0
2342,0,1,1,1,1
2343,0,0,0,NaN,1
2344,1,1,1,0,1
2345,1,0,0,0,1
2346,0,0,0,1,0
2347,1,NaN,0,1,1
2348,1,1,0,1,1
2349,1,0,0,0,0
2350,0,1,1,1,1
2351,1,1,0,NaN,1
2352,1,0,1,0,0
2353,1,0,1,NaN,0
2354,1,NaN,1,0,1
2355,1,1,1,NaN,0
2356,1,NaN,0,0,1
2357,1,1,1,NaN,0
2358,1,NaN,1,1,0
2359,1,1,0,0,1
2360,1,1,0,0,0
2361,1,NaN,0,1,0
2362,1,NaN,1,NaN,0
2363,0,0,0,NaN,0
2364,1,NaN,0,1,1
2365,0,NaN,0,1,0
2366,0,NaN,0,0,0
2367,1,0,0,1,1
2368,0,0,1,NaN,1
2369,0,NaN,0,NaN,0
2370,0,0,0,NaN,1
2371,0,NaN,0,0,1
2372,0,1,1,1,0
2373,1,NaN,0,1,0
2374,0,1,0,1,1
2375,1,1,0,1,1
2376,1,NaN,1,1,1
2377,1,1,1,NaN,1
2378,0,0,1,NaN,1
2379,0,NaN,0,NaN,0
2380,1,NaN,0,1,1
2381,0,NaN,0,1,1
2382,1,1,1,NaN,0
2383,0,0,0,NaN,0
2384,0,1,0,1,1
2385,1,NaN,0,0,0
2386,0,1,1,1,0
2387,0,NaN,1,0,1
2388,1,1,1,NaN,0
2389,0,0,1,NaN,1
2390,0,NaN,0,1,0
2391,0,1,0,0,0
2392,1,NaN,1,NaN,1
2393,0,1,0,NaN,0
2394,1,1,0,0,1
2395,0,0,0,0,0
2396,0,1,1,NaN,0
2397,1,0,0,NaN,1
2398,0,0,1,NaN,1
2399,0,0,0,0,1
2400,0,NaN,0,0,0
2401,1,NaN,1,0,0
2402,1,1,0,1,0
2403,1,1,1,NaN,1
2404,1,0,0,NaN,0
2405,1,NaN,0,NaN,0
2406,1,1,1,1,0
2407,0,1,0,NaN,1
2408,0,1,1,1,0
2409,1,1,0,1,0
2410,0,0,0,0,0
2411,1,NaN,0,NaN,1
2412,1,NaN,0,1,1
2413,0,1,1,NaN,1
2414,0,NaN,0,NaN,1
2415,1,0,1,1,0
2416,0,0,0,0,1
2417,1,0,0,1,0
2418,0,0,1,1,1
2419,1,NaN,1,1,0
2420,0,1,0,1,0
2421,0,1,0,NaN,1
2422,1,0,0,NaN,1
2423,0,NaN,1,1,1
2424,1,NaN,1,0,0
2425,0,NaN,1,0,1
2426,0,1,1,1,0
2427,0,NaN,0,NaN,1
2428,1,1,0,0,0
2429,1,0,1,1,0
2430,1,0,0,0,1
2431,0,1,0,NaN,1
2432,0,NaN,1,NaN,0
2433,0,NaN,1,1,0
2434,1,NaN,1,NaN,0
2435,0,1,0,0,1
2436,1,NaN,1,0,0
2437,1,1,1,NaN,0
2438,1,0,0,0,0
2439,0,NaN,0,0,1
2440,0,0,1,1,0
2441,1,NaN,1,NaN,1
2442,1,1,0,0,0
2443,0,0,0,0,1
2444,1,NaN,1,1,1
2445,0,NaN,0,1,0
2446,0,NaN,1,0,0
2447,1,1,0,NaN,1
2448,1,0,0,1,0
2449,1,NaN,0,0,0
2450,0,0,1,0,0
2451,0,0,0,0,0
2452,1,NaN,1,0,1
2453,1,1,0,1,0
2454,0,1,0,1,0
2455,0,1,1,1,1
2456,1,1,0,0,0
2457,1,1,0,NaN,0
2458,1,0,0,1,0
2459,0,0,1,0,1
2460,1,NaN,1,0,1
2461,0,0,0,1,0
2462,1,0,1,NaN,1
2463,1,NaN,0,NaN,0
2464,0,NaN,0,NaN,0
2465,1,NaN,1,0,0
2466,1,NaN,0,1,0
2467,0,0,0,NaN,0
2468,0,0,1,1,0
2469,0,1,0,1,0
2470,1,NaN,0,1,1
2471,1,1,0,0,0
2472,1,NaN,0,NaN,1
2473,1,NaN,0,NaN,0
2474,1,0,1,NaN,0
2475,0,1,0,1,1
2476,1,1,1,0,1
2477,0,1,0,1,0
2478,1,1,1,0,0
2479,1,NaN,0,NaN,1
2480,0,NaN,0,NaN,0
2481,0,1,1,0,1
2482,0,0,1,0,1
2483,1,0,1,0,1
2484,1,NaN,1,1,1
2485,1,0,0,0,1
2486,1,0,1,NaN,1
2487,1,0,0,NaN,1
2488,1,0,0,NaN,1
2489,1,0,1,NaN,0
2490,1,NaN,1,NaN,0
2491,1,1,1,1,1
2492,1,0,0,1,0
2493,1,NaN,1,0,0
2494,0,0,1,0,0
2495,0,0,0,0,0
2496,1,0,0,0,1
2497,0,1,1,1,0
2498,0,0,1,0,0
2499,0,0,1,NaN,1
2500,0,NaN,0,NaN,1
2501,0,1,0,0,1
2502,1,0,1,0,0
2503,0,0,1,1,1
2504,1,1,1,0,0
2505,1,0,1,NaN,0
2506,0,NaN,0,1,1
2507,0,1,1,1,1
2508,1,NaN,1,0,0
2509,0,NaN,1,NaN,1
2510,1,1,1,1,1
2511,0,1,0,NaN,1
2512,1,0,1,NaN,0
2513,1,1,0,1,1
2514,1,NaN,1,0,1
2515,0,NaN,1,0,0
2516,1,NaN,0,NaN,0
2517,1,0,0,1,0
2518,0,0,0,1,0
2519,0,NaN,0,1,1
2520,0,NaN,0,0,1
2521,1,1,1,0,1
2522,0,0,0,NaN,1
2523,1,1,1,NaN,0
2524,0,1,0,NaN,1
2525,1,0,0,0,1
2526,1,0,1,NaN,1
2527,0,NaN,1,1,1
2528,0,1,1,1,0
2529,0,0,1,0,0
2530,1,1,0,1,1
2531,1,0,0,NaN,1
2532,1,0,1,0,0
2533,0,0,0,1,1
2534,1,NaN,1,1,0
2535,0,1,1,NaN,0
2536,0,NaN,1,0,0
2537,0,0,0,NaN,1
2538,1,1,0,0,1
2539,0,1,1,NaN,1
2540,0,NaN,0,1,1
2541,1,0,0,0,0
2542,0,0,1,1,1
2543,1,1,0,NaN,0
2544,1,0,0,NaN,0
2545,0,NaN,1,0,1
2546,0,0,0,0,0
2547,0,1,1,1,0
2548,0,1,1,0,1
2549,1,1,1,0,1
2550,1,NaN,0,1,0
2551,1,1,0,0,0
2552,1,1,0,1,0
2553,0,NaN,1,1,1
2554,0,1,1,NaN,0
2555,0,1,1,1,0
2556,0,NaN,1,NaN,1
2557,1,1,1,NaN,0
2558,1,0,1,0,0
2559,0,NaN,0,NaN,0
2560,0,NaN,1,0,0
2561,1,0,1,1,0
2562,0,1,1,1,0
2563,1,NaN,0,1,0
2564,1,NaN,0,0,1
2565,0,1,0,NaN,0
2566,0,NaN,0,NaN,0
2567,1,NaN,1,NaN,0
2568,1,NaN,0,NaN,0
2569,0,NaN,0,NaN,0
2570,1,0,0,NaN,1
2571,1,0,0,0,1
2572,0,0,0,1,1
2573,1,1,0,1,0
2574,1,NaN,1,1,0
2575,0,NaN,1,1,1
2576,0,NaN,0,0,0
2577,0,0,1,NaN,0
2578,0,0,0,1,0
2579,1,1,1,NaN,0
2580,1,NaN,1,NaN,1
2581,1,1,1,0,0
2582,1,1,1,1,1
2583,1,0,0,NaN,0
2584,0,1,0,0,0
2585,0,NaN,1,NaN,0
2586,1,1,1,1,0
2587,0,NaN,0,NaN,0
2588,1,1,1,1,0
2589,0,0,1,1,0
2590,1,0,1,1,0
2591,0,NaN,1,NaN,0
2592,1,1,1,NaN,0
2593,1,0,1,1,0
2594,0,0,1,0,0
2595,0,1,1,0,0
2596,0,1,1,0,0
2597,1,0,0,1,0
2598,1,1,0,1,1
2599,1,1,0,NaN,0
2600,0,1,0,NaN,1
2601,0,0,1,1,1
2602,0,0,0,NaN,0
2603,1,0,0,0,1
2604,1,0,0,0,0
2605,0,0,0,0,0
2606,0,1,1,NaN,0
2607,0,NaN,1,NaN,1
2608,1,0,0,1,1
2609,0,NaN,1,1,0
2610,0,NaN,1,NaN,1
2611,0,NaN,0,1,1
2612,1,0,1,0,0
2613,1,0,1,NaN,1
2614,0,NaN,1,1,0
2615,1,1,0,NaN,0
2616,1,NaN,0,0,0
2617,0,NaN,0,0,0
2618,1,0,0,0,0
2619,0,1,1,1,0
2620,0,1,0,1,0
2621,0,1,1,NaN,1
2622,1,0,0,1,1
2623,1,0,0,NaN,1
2624,1,0,0,0,0
2625,1,NaN,1,1,1
2626,1,0,1,1,1
2627,1,1,0,1,0
2628,1,NaN,1,1,1
2629,0,0,0,1,0
2630,1,1,0,NaN,0
2631,0,0,0,0,1
2632,0,1,0,NaN,0
2633,0,1,0,0,0
2634,1,1,1,1,0
2635,1,0,1,1,1
2636,0,1,0,0,0
2637,0,1,0,NaN,0
2638,1,1,0,1,0
2639,0,0,0,0,1
2640,0,1,1,1,0
2641,1,0,0,1,1
2642,1,1,1,NaN,1
2643,1,0,1,NaN,1
2644,1,NaN,1,0,1
2645,0,1,0,NaN,0
2646,1,NaN,1,0,1
2647,0,1,0,1,1
2648,1,NaN,0,NaN,0
2649,0,0,0,NaN,1
2650,0,1,1,0,0
2651,0,0,0,NaN,1
2652,1,NaN,1,NaN,1
2653,1,NaN,1,1,0
2654,1,NaN,1,NaN,0
2655,1,1,0,1,0
2656,1,NaN,0,1,1
2657,0,1,1,0,1
2658,0,NaN,0,0,1
2659,1,0,0,NaN,1
2660,0,1,1,NaN,1
2661,0,NaN,1,NaN,0
2662,1,0,1,0,1
2663,0,NaN,1,1,1
2664,0,NaN,0,NaN,0
2665,0,NaN,1,1,0
2666,1,1,1,1,1
2667,0,0,1,1,1
2668,0,0,1,0,1
2669,1,0,1,0,1
2670,0,1,0,0,0
2671,1,1,0,0,1
2672,1,1,0,1,0
2673,0,0,1,0,1
2674,0,1,1,NaN,1
2675,1,1,1,0,1
2676,0,0,0,0,1
2677,0,0,1,NaN,1
2678,1,NaN,1,0,1
2679,0,1,1,1,1
2680,1,NaN,0,NaN,1
2681,0,0,1,1,0
2682,1,1,0,1,0
2683,0,0,0,NaN,1
2684,1,NaN,0,1,1
2685,1,NaN,1,1,0
2686,0,0,1,1,0
2687,1,0,0,NaN,1
2688,1,1,1,NaN,1
2689,1,0,1,NaN,1
2690,0,0,1,0,1
2691,1,NaN,0,0,0
2692,1,1,1,1,0
2693,1,1,0,0,1
2694,1,1,1,1,0
2695,0,NaN,0,1,0
2696,0,1,1,0,1
2697,1,0,0,1,0
2698,0,0,0,1,1
2699,0,0,1,0,0
2700,1,NaN,1,0,0
2701,0,NaN,0,1,1
2702,0,0,1,NaN,0
2703,0,0,0,NaN,0
2704,0,1,0,NaN,0
2705,0,1,0,0,1
2706,1,1,1,0,1
2707,0,NaN,1,NaN,1
2708,1,0,1,1,0
2709,0,0,1,1,0
2710,1,1,0,1,0
2711,1,NaN,1,1,0
2712,0,1,0,1,1
2713,0,1,1,NaN,1
2714,0,1,1,1,1
2715,0,0,0,1,1
2716,1,1,1,0,0
2717,1,1,0,NaN,1
2718,1,NaN,0,1,0
2719,1,0,1,0,0
2720,0,1,0,0,1
2721,0,NaN,1,0,0
2722,1,0,0,0,1
2723,0,NaN,0,NaN,0
2724,1,1,1,0,1
2725,1,NaN,1,NaN,0
2726,0,1,0,0,1
2727,0,1,1,0,1
2728,1,NaN,0,0,0
2729,1,NaN,0,0,1
2730,1,0,1,0,0
2731,0,NaN,1,NaN,1
2732,1,NaN,1,0,0
2733,0,0,1,NaN,1
2734,0,0,1,0,1
2735,1,NaN,0,NaN,1
2736,1,0,1,0,1
2737,1,1,1,1,1
2738,0,1,0,NaN,1
2739,1,1,1,NaN,1
2740,1,NaN,0,NaN,0
2741,1,0,0,NaN,0
2742,1,1,0,0,0
2743,1,1,1,NaN,1
2744,0,0,1,1,0
2745,0,0,1,1,1
2746,0,1,1,0,0
2747,1,1,1,1,1
2748,1,1,1,NaN,0
2749,1,1,1,1,0
2750,0,NaN,1,1,0
2751,1,NaN,0,0,0
2752,0,1,0,0,0
2753,1,0,0,1,0
2754,1,NaN,0,1,0
2755,1,0,0,1,1
2756,1,1,0,1,0
2757,1,0,0,0,0
2758,1,0,1,0,1
2759,1,1,0,NaN,0
2760,0,NaN,0,0,1
2761,0,NaN,0,0,1
2762,0,1,0,1,1
2763,0,1,1,0,1
2764,1,1,1,1,1
2765,1,1,0,0,1
2766,0,NaN,0,NaN,0
2767,1,NaN,0,1,0
2768,0,1,1,1,1
2769,0,1,0,NaN,1
2770,1,1,1,0,1
2771,1,NaN,1,NaN,0
2772,0,NaN,0,NaN,1
2773,0,0,0,1,0
2774,0,0,0,0,1
2775,1,0,1,0,0
2776,1,0,1,1,1
2777,1,0,0,NaN,1
2778,0,1,0,0,1
2779,0,0,0,0,1
2780,0,NaN,0,NaN,1
2781,1,0,0,0,1
2782,0,0,0,0,1
2783,0,1,1,NaN,1
2784,1,NaN,0,NaN,1
2785,1,0,0,NaN,0
2786,1,1,0,1,1
2787,0,1,1,1,0
2788,1,1,0,0,1
2789,0,0,1,1,1
2790,1,1,1,0,1
2791,1,0,0,0,1
2792,0,1,1,1,1
2793,1,0,0,NaN,0
2794,1,NaN,1,1,1
2795,0,NaN,1,1,1
2796,0,0,1,1,0
2797,0,NaN,1,0,1
2798,0,1,1,1,1
2799,0,0,0,0,1
2800,1,1,1,1,1
2801,1,1,0,0,1
2802,1,0,1,0,1
2803,1,0,1,NaN,1
2804,1,1,0,NaN,0
2805,0,0,0,0,0
2806,0,1,1,NaN,0
2807,0,0,0,1,1
2808,1,0,0,1,0
2809,0,NaN,0,0,0
2810,1,0,1,NaN,1
2811,0,1,1,1,1
2812,0,0,1,1,0
2813,1,0,0,0,1
2814,0,0,1,1,1
2815,0,0,0,1,1
2816,1,0,0,0,1
2817,0,NaN,1,0,0
2818,1,1,1,0,1
2819,1,NaN,0,1,0
2820,1,0,0,0,0
2821,1,NaN,0,NaN,1
2822,0,0,0,0,1
2823,1,NaN,1,1,0
2824,0,1,1,1,1
2825,1,NaN,0,1,1
2826,1,1,1,0,1
2827,1,0,0,NaN,1
2828,1,NaN,0,0,0
2829,0,1,0,0,0
2830,1,NaN,1,NaN,0
2831,1,1,1,0,0
2832,1,NaN,0,1,1
2833,1,0,1,1,0
2834,1,1,0,NaN,1
2835,0,NaN,1,1,1
2836,0,1,1,0,0
2837,0,1,1,0,1
2838,0,0,0,1,1
2839,0,NaN,1,0,0
2840,1,NaN,1,0,1
2841,0,1,1,0,1
2842,1,0,0,1,0
2843,1,NaN,0,0,0
2844,0,1,1,0,1
2845,0,0,0,0,0
2846,0,NaN,1,NaN,1
2847,0,1,0,1,1
2848,1,NaN,0,0,1
2849,1,NaN,0,1,1
2850,1,NaN,0,1,1
2851,1,1,0,0,0
2852,1,NaN,1,0,0
2853,0,NaN,0,1,1
2854,0,0,1,1,0
2855,0,1,0,NaN,0
2856,1,0,1,NaN,1
2857,1,NaN,1,NaN,1
2858,0,NaN,1,0,1
2859,0,1,0,NaN,0
2860,1,NaN,0,1,0
2861,0,NaN,0,NaN,0
2862,0,NaN,1,1,1
2863,0,1,1,NaN,0
2864,1,NaN,1,1,0
2865,0,NaN,1,0,0
2866,0,0,1,0,1
2867,0,NaN,1,1,1
2868,1,0,0,0,1
2869,0,1,1,NaN,1
2870,1,NaN,0,0,0
2871,0,0,1,0,0
2872,0,NaN,1,1,1
2873,0,NaN,1,0,0
2874,1,1,1,0,1
2875,1,0,0,1,0
2876,1,1,0,NaN,0
2877,0,1,0,0,1
2878,1,1,1,1,0
2879,0,NaN,1,1,0
2880,0,1,0,NaN,0
2881,1,0,1,NaN,0
2882,1,1,0,1,0
2883,1,NaN,1,1,0
2884,1,NaN,1,0,1
2885,0,1,1,NaN,1
2886,1,0,0,NaN,0
2887,0,1,0,1,1
2888,0,0,0,1,1
2889,0,0,0,NaN,0
2890,1,1,1,1,1
2891,1,NaN,1,0,0
2892,1,1,0,1,0
2893,0,1,0,1,0
2894,0,NaN,0,0,1
2895,0,1,0,0,0
2896,0,1,0,0,0
2897,1,0,0,0,0
2898,1,1,1,1,0
2899,1,NaN,0,1,1
2900,0,NaN,0,NaN,0
2901,0,0,0,NaN,1
2902,1,NaN,0,1,0
2903,0,1,1,NaN,1
2904,0,1,0,NaN,1
2905,1,NaN,0,NaN,0
2906,1,NaN,0,1,0
2907,1,NaN,0,1,0
2908,0,NaN,1,0,1
2909,0,1,1,1,0
2910,1,NaN,0,1,0
2911,0,1,0,1,0
2912,1,0,1,1,1
2913,0,NaN,1,0,0
2914,1,1,0,NaN,0
2915,0,NaN,1,0,1
2916,0,1,1,1,0
2917,0,1,0,NaN,1
2918,1,1,1,NaN,0
2919,1,1,0,1,1
2920,1,1,0,1,1
2921,0,0,0,1,1
2922,1,1,0,NaN,0
2923,1,0,1,1,0
2924,0,NaN,0,NaN,0
2925,0,0,1,NaN,1
2926,1,NaN,1,0,0
2927,1,1,1,NaN,1
2928,1,1,0,0,1
2929,1,NaN,0,1,0
2930,1,NaN,1,1,1
2931,0,0,1,1,1
2932,1,1,1,1,1
2933,1,1,0,0,1
2934,0,1,1,NaN,0
2935,1,NaN,0,0,0
2936,0,NaN,0,NaN,0
2937,0,NaN,1,NaN,1
2938,0,NaN,0,NaN,0
2939,1,NaN,0,NaN,1
2940,1,1,0,0,0
2941,1,0,1,1,1
2942,0,NaN,0,1,0
2943,0,1,0,0,1
2944,0,1,1,0,1
2945,1,NaN,0,NaN,1
2946,0,1,0,1,0
2947,0,1,0,1,0
2948,1,0,1,0,1
2949,0,0,1,NaN,0
2950,0,NaN,1,0,1
2951,1,1,1,0,0
2952,0,0,0,1,0
2953,0,NaN,1,1,0
2954,1,NaN,0,0,0
2955,1,1,0,1,1
2956,0,1,1,NaN,0
2957,1,NaN,0,0,1
2958,0,0,0,1,0
2959,1,NaN,0,NaN,0
2960,1,NaN,0,0,1
2961,1,1,1,NaN,1
2962,1,1,1,0,1
2963,0,0,0,1,0
2964,1,NaN,1,0,0
2965,0,1,0,1,1
2966,1,NaN,0,1,1
2967,0,0,1,1,0
2968,0,0,0,0,1
2969,0,0,0,NaN,0
2970,1,0,1,NaN,1
2971,1,0,1,1,1
2972,1,NaN,1,1,1
2973,0,NaN,1,NaN,0
2974,0,0,0,NaN,1
2975,1,0,1,NaN,0
2976,0,0,0,1,1
2977,0,NaN,1,NaN,0
2978,0,0,0,0,1
2979,1,0,1,0,1
2980,0,0,0,1,1
2981,1,0,1,NaN,1
2982,0,0,0,1,1
2983,0,1,0,NaN,0
2984,1,1,1,0,1
2985,0,NaN,0,1,0
2986,1,0,1,1,0
2987,0,0,0,0,1
2988,1,1,0,1,0
2989,1,0,1,NaN,0
2990,0,NaN,1,1,1
2991,1,1,0,1,0
2992,0,NaN,1,1,1
2993,0,1,0,0,0
2994,0,0,0,1,0
2995,1,0,0,1,1
2996,1,0,1,0,0
2997,0,0,0,0,0
2998,0,0,0,1,1
2999,0,1,0,1,0
3000,0,1,1,1,0
3001,0,NaN,1,1,0
3002,1,1,1,1,0
3003,0,0,1,NaN,0
3004,1,1,1,1,0
3005,0,1,1,NaN,0
3006,0,0,1,0,1
3007,0,0,1,1,0
3008,0,NaN,0,NaN,1
3009,0,0,0,NaN,0
3010,1,NaN,0,NaN,0
3011,1,1,0,1,0
3012,1,0,1,NaN,0
3013,0,NaN,1,1,0
3014,1,NaN,1,NaN,0
3015,1,1,0,NaN,1
3016,1,1,1,NaN,1
3017,1,0,0,1,0
3018,1,1,0,1,0
3019,0,1,1,NaN,1
3020,0,0,1,1,1
3021,0,0,0,NaN,1
3022,0,NaN,1,1,1
3023,1,NaN,1,1,1
3024,1,0,1,0,1
3025,0,NaN,0,1,1
3026,1,1,0,NaN,0
3027,1,NaN,0,NaN,0
3028,1,0,0,NaN,0
3029,1,1,1,1,0
3030,1,NaN,0,0,0
3031,1,0,1,0,0
3032,0,0,0,NaN,1
3033,0,NaN,0,0,0
3034,0,1,0,1,1
3035,0,0,1,NaN,1
3036,0,0,0,1,0
3037,1,0,1,1,1
3038,0,1,0,NaN,1
3039,0,0,0,0,1
3040,0,NaN,1,0,1
3041,1,NaN,0,1,0
3042,1,0,1,0,1
3043,1,1,1,1,0
3044,1,NaN,0,1,1
3045,1,NaN,1,NaN,0
3046,0,NaN,0,NaN,1
3047,0,0,0,1,1
3048,0,NaN,1,NaN,0
3049,0,0,1,1,0
3050,0,1,1,NaN,1
3051,1,0,1,0,0
3052,1,NaN,0,NaN,1
3053,1,0,1,0,0
3054,1,0,1,1,0
3055,1,0,1,NaN,0
3056,0,0,0,NaN,1
3057,0,1,0,NaN,1
3058,0,NaN,1,NaN,0
3059,1,NaN,0,1,0
3060,1,0,1,1,0
3061,1,NaN,0,1,1
3062,0,NaN,0,0,1
3063,1,0,0,NaN,1
3064,0,0,1,1,1
3065,1,1,0,NaN,0
3066,0,0,1,NaN,0
3067,0,0,0,0,0
3068,0,NaN,1,0,0
3069,0,NaN,0,1,0
3070,1,NaN,0,0,0
3071,0,1,1,1,1
3072,0,NaN,1,0,1
3073,1,NaN,1,NaN,1
3074,1,1,1,NaN,1
3075,0,0,0,NaN,0
3076,1,0,1,1,1
3077,0,NaN,1,1,0
3078,1,1,0,NaN,0
3079,1,0,0,0,0
3080,1,NaN,0,NaN,1
3081,0,NaN,1,0,0
3082,0,0,0,0,1
3083,0,0,1,NaN,0
3084,1,0,0,NaN,0
3085,0,NaN,1,0,1
3086,0,NaN,0,NaN,0
3087,0,1,1,1,0
3088,1,NaN,0,1,0
3089,0,NaN,1,0,1
3090,1,0,1,1,0
3091,1,NaN,1,0,0
3092,1,1,0,NaN,0
3093,0,NaN,1,0,1
3094,1,0,0,1,1
3095,0,0,0,0,1
3096,0,1,0,1,0
3097,1,NaN,0,NaN,1
3098,1,1,1,NaN,0
3099,0,1,1,NaN,0
3100,1,0,1,0,0
3101,1,0,1,1,1
3102,0,NaN,1,NaN,0
3103,0,0,0,1,1
3104,0,0,0,NaN,0
3105,1,0,0,NaN,0
3106,0,0,1,0,1
3107,0,0,1,NaN,0
3108,1,1,0,0,0
3109,1,1,0,0,0
3110,0,NaN,1,0,0
3111,0,NaN,0,NaN,0
3112,1,1,1,1,0
3113,1,0,1,0,0
3114,0,1,1,0,1
3115,0,1,0,0,0
3116,1,1,0,NaN,0
3117,0,1,0,NaN,1
3118,1,0,1,NaN,1
3119,1,0,0,1,1
3120,1,NaN,1,NaN,1
3121,1,1,0,0,1
3122,1,NaN,1,0,0
3123,1,0,1,0,1
3124,1,1,1,0,0
3125,1,0,1,NaN,0
3126,1,0,0,1,1
3127,1,1,0,1,0
3128,0,1,0,0,0
3129,1,0,1,NaN,0
3130,1,0,1,0,0
3131,1,NaN,1,1,0
3132,0,0,1,0,0
3133,0,0,0,1,0
3134,1,NaN,1,NaN,0
3135,0,0,1,0,0
3136,1,1,0,NaN,1
3137,0,NaN,0,1,1
3138,0,NaN,0,0,1
3139,1,0,0,0,1
3140,1,NaN,0,1,0
3141,0,NaN,1,0,1
3142,0,0,1,NaN,0
3143,1,0,1,1,0
3144,1,1,0,1,0
3145,1,NaN,0,1,0
3146,1,1,1,NaN,0
3147,0,NaN,0,0,0
3148,1,NaN,0,0,1
3149,0,1,1,NaN,0
3150,1,NaN,0,NaN,1
3151,0,1,1,1,1
3152,0,0,1,NaN,1
3153,1,1,1,1,1
3154,0,0,1,1,0
3155,1,0,1,1,1
3156,0,1,1,NaN,1
3157,0,1,0,NaN,1
3158,0,1,1,0,0
3159,1,0,1,1,0
3160,1,0,0,0,0
3161,1,0,1,1,1
3162,1,NaN,1,0,1
3163,0,NaN,1,NaN,1
3164,0,NaN,0,NaN,1
3165,1,0,0,NaN,0
3166,0,1,1,NaN,1
3167,0,NaN,0,NaN,0
3168,0,1,0,1,0
3169,0,0,1,NaN,0
3170,0,0,0,0,0
3171,0,1,1,1,1
3172,0,NaN,0,1,0
3173,0,0,0,1,0
3174,1,0,1,NaN,0
3175,0,0,0,0,0
3176,0,1,0,0,1
3177,0,0,0,1,1
3178,1,0,1,0,0
3179,1,NaN,0,NaN,0
3180,0,0,1,1,0
3181,1,0,1,1,1
3182,0,NaN,1,0,0
3183,0,1,0,1,0
3184,1,0,0,NaN,0
3185,1,0,1,0,0
3186,1,NaN,0,0,1
3187,0,1,1,NaN,0
3188,0,NaN,1,0,1
3189,0,1,0,NaN,0
3190,1,NaN,0,1,1
3191,0,0,1,NaN,0
3192,0,1,0,1,1
3193,0,1,1,NaN,0
3194,0,1,0,1,1
3195,0,0,1,0,1
3196,1,1,0,0,0
3197,0,NaN,0,1,1
3198,0,0,0,1,1
3199,0,NaN,1,NaN,0
3200,1,0,1,0,1
3201,0,NaN,0,NaN,1
3202,1,1,0,0,0
3203,1,0,1,1,0
3204,1,1,1,1,1
3205,1,1,1,NaN,0
3206,0,NaN,0,0,1
3207,0,1,0,NaN,0
3208,1,1,0,NaN,1
3209,1,0,0,1,0
3210,1,0,1,NaN,1
3211,0,1,1,0,1
3212,0,1,1,NaN,1
3213,0,1,0,NaN,0
3214,1,NaN,0,0,1
3215,1,NaN,1,0,0
3216,0,1,0,0,0
3217,0,0,1,NaN,0
3218,1,1,1,1,0
3219,0,0,1,0,1
3220,1,1,1,0,1
3221,0,1,0,1,1
3222,0,1,0,0,0
3223,1,NaN,1,1,1
3224,1,0,1,0,1
3225,1,0,1,NaN,1
3226,1,0,0,1,0
3227,1,NaN,0,NaN,0
3228,1,1,1,1,0
3229,0,NaN,1,NaN,0
3230,1,1,0,1,0
3231,1,1,1,1,0
3232,1,NaN,1,0,0
3233,0,0,0,NaN,1
3234,0,1,1,NaN,0
3235,1,NaN,0,NaN,1
3236,0,NaN,1,NaN,0
3237,1,NaN,0,0,1
3238,1,0,0,1,1
3239,0,1,0,NaN,0
3240,0,0,0,0,0
3241,0,NaN,1,0,0
3242,1,NaN,1,0,1
3243,0,1,1,1,1
3244,1,1,1,1,0
3245,0,0,1,NaN,1
3246,1,NaN,0,0,0
3247,1,1,0,0,0
3248,1,0,0,0,1
3249,0,1,1,0,1
3250,1,NaN,1,NaN,0
3251,1,1,1,1,1
3252,1,1,0,0,1
3253,1,NaN,0,NaN,0
3254,0,1,0,1,0
3255,1,NaN,0,0,0
3256,1,NaN,1,1,0
3257,0,0,0,0,0
3258,0,1,1,1,1
3259,1,1,0,0,1
3260,0,1,0,NaN,0
3261,0,0,0,1,1
3262,0,0,0,1,1
3263,0,0,1,1,0
3264,0,NaN,1,1,1
3265,0,0,0,1,1
3266,0,0,0,1,1
3267,0,0,1,NaN,0
3268,1,0,1,1,0
3269,1,NaN,1,1,1
3270,1,0,0,1,1
3271,1,NaN,1,NaN,1
3272,0,NaN,0,0,1
3273,0,0,0,0,1
3274,1,NaN,1,1,1
3275,0,0,0,0,1
3276,1,1,1,0,1
3277,1,0,0,0,0
3278,0,1,0,NaN,1
3279,0,0,0,1,0
3280,1,NaN,0,0,0
3281,0,NaN,1,NaN,0
3282,1,0,1,0,1
3283,0,NaN,0,0,1
3284,1,NaN,1,NaN,1
3285,1,NaN,0,NaN,1
3286,1,0,1,1,1
3287,1,1,0,1,0
3288,1,1,0,NaN,0
3289,0,0,0,NaN,1
3290,1,0,0,1,0
3291,1,1,0,0,1
3292,1,1,1,0,1
3293,1,1,0,1,1
3294,1,0,1,NaN,1
3295,0,0,1,1,0
3296,1,1,1,1,0
3297,0,0,0,NaN,0
3298,0,1,1,0,0
3299,0,0,1,NaN,1
3300,1,NaN,0,NaN,1
3301,1,NaN,0,NaN,1
3302,0,1,1,0,0
3303,1,NaN,1,1,1
3304,1,1,1,0,0
3305,1,1,0,NaN,1
3306,0,NaN,1,1,0
3307,0,NaN,0,1,1
3308,0,1,1,NaN,1
3309,0,NaN,1,1,1
3310,0,NaN,1,1,1
3311,0,0,0,NaN,0
3312,1,0,0,1,1
3313,0,0,1,NaN,0
3314,0,NaN,0,NaN,0
3315,1,1,1,1,0
3316,0,NaN,1,0,1
3317,0,NaN,1,NaN,1
3318,1,0,1,1,1
3319,0,0,0,1,0
3320,0,NaN,1,NaN,1
3321,1,0,1,NaN,1
3322,1,NaN,0,1,0
3323,0,NaN,0,0,1
3324,1,1,1,0,1
3325,1,NaN,0,NaN,0
3326,0,0,1,NaN,0
3327,0,0,0,NaN,1
3328,1,1,0,1,0
3329,0,1,1,0,1
3330,0,1,0,1,1
3331,1,1,1,NaN,0
3332,0,1,0,1,1
3333,1,1,1,0,1
3334,1,1,1,NaN,1
3335,0,1,0,NaN,1
3336,1,NaN,0,NaN,0
3337,1,0,1,0,0
3338,1,0,0,1,1
3339,0,1,0,0,0
3340,1,0,1,1,0
3341,1,0,0,NaN,0
3342,0,1,1,NaN,1
3343,1,0,0,1,1
3344,0,0,0,1,0
3345,0,0,0,NaN,0
3346,0,1,0,NaN,0
3347,1,NaN,1,1,1
3348,1,1,1,1,0
3349,0,0,1,NaN,0
3350,0,1,0,0,1
3351,0,0,0,0,0
3352,1,1,1,0,1
3353,1,0,0,NaN,0
3354,0,NaN,0,0,0
3355,0,1,0,NaN,1
3356,1,1,0,NaN,1
3357,1,0,0,NaN,0
3358,1,1,0,1,1
3359,0,0,1,NaN,1
3360,0,1,0,1,1
3361,1,1,0,0,1
3362,0,NaN,1,NaN,1
3363,1,NaN,1,0,0
3364,0,1,1,1,1
3365,0,0,1,1,0
3366,0,0,0,0,0
3367,0,1,1,1,1
3368,0,1,0,1,0
3369,0,NaN,0,NaN,1
3370,1,1,1,NaN,0
3371,0,1,0,1,1
3372,1,1,0,0,0
3373,1,0,1,0,1
3374,1,0,1,NaN,0
3375,0,0,0,0,1
3376,0,0,1,NaN,0
3377,1,NaN,0,0,0
3378,0,0,1,0,1
3379,1,1,1,0,0
3380,1,NaN,1,NaN,1
3381,1,0,0,NaN,1
3382,1,1,1,0,1
3383,1,0,1,0,0
3384,0,1,0,NaN,1
3385,1,1,0,NaN,0
3386,0,1,0,NaN,0
3387,0,0,0,NaN,0
3388,1,1,1,NaN,1
3389,1,0,1,1,1
3390,0,1,1,NaN,1
3391,0,0,1,0,0
3392,0,1,1,1,0
3393,1,1,0,NaN,0
3394,1,1,0,0,1
3395,0,NaN,1,0,0
3396,0,0,1,0,1
3397,0,1,1,0,0
3398,1,NaN,1,NaN,1
3399,1,NaN,1,NaN,0
3400,0,NaN,0,NaN,0
3401,0,NaN,1,1,1
3402,0,1,0,0,1
3403,1,0,0,1,1
3404,0,0,1,NaN,1
3405,0,1,0,NaN,1
3406,0,NaN,1,NaN,0
3407,1,NaN,0,1,1
3408,1,1,0,0,1
3409,0,1,1,NaN,0
3410,1,1,0,0,0
3411,0,0,1,0,0
3412,1,NaN,0,0,0
3413,1,NaN,1,1,0
3414,0,0,1,0,0
3415,1,0,1,1,0
3416,0,NaN,0,1,0
3417,0,0,0,1,1
3418,0,0,1,NaN,1
3419,1,0,1,NaN,1
3420,0,NaN,0,NaN,0
3421,0,NaN,0,0,1
3422,1,NaN,0,0,1
3423,0,0,1,NaN,0
3424,0,0,0,NaN,1
3425,0,NaN,0,1,0
3426,1,0,1,1,0
3427,0,1,0,1,1
3428,1,1,1,0,1
3429,0,1,0,0,0
3430,0,NaN,0,1,0
3431,0,NaN,0,1,1
3432,0,NaN,1,NaN,1
3433,1,NaN,1,0,1
3434,0,NaN,1,NaN,0
3435,0,0,1,1,0
3436,1,NaN,1,NaN,0
3437,1,0,1,1,0
3438,1,0,0,0,1
3439,0,NaN,0,1,1
3440,0,NaN,0,NaN,1
3441,0,NaN,1,NaN,0
3442,0,1,1,NaN,0
3443,1,1,0,0,0
3444,1,NaN,0,1,1
3445,0,1,1,0,0
3446,0,1,1,NaN,1
3447,1,0,1,1,0
3448,0,NaN,0,0,1
3449,0,NaN,1,NaN,0
3450,1,0,0,0,0
3451,0,1,0,1,0
3452,0,1,1,0,1
3453,1,1,0,0,0
3454,0,1,0,NaN,0
3455,1,NaN,0,NaN,1
3456,1,NaN,0,NaN,1
3457,1,1,1,NaN,0
3458,0,1,0,NaN,1
3459,0,1,0,0,0
3460,1,NaN,0,0,0
3461,1,0,0,NaN,0
3462,1,1,1,0,1
3463,0,1,1,NaN,1
3464,1,1,0,1,1
3465,0,NaN,0,1,1
3466,0,1,0,NaN,1
3467,1,0,0,NaN,0
3468,0,1,0,0,1
3469,0,0,1,1,1
3470,0,0,0,0,0
3471,1,0,0,1,1
3472,1,0,0,1,0
3473,0,0,1,0,0
3474,0,0,0,1,0
3475,0,1,0,NaN,1
3476,0,0,0,0,1
3477,0,0,0,1,0
3478,0,NaN,0,NaN,0
3479,0,0,0,NaN,0
3480,0,1,1,1,0
3481,1,1,1,NaN,1
3482,1,0,0,1,0
3483,0,0,1,0,1
3484,0,0,1,NaN,0
3485,1,0,1,NaN,0
3486,1,0,0,0,0
3487,1,0,1,NaN,1
3488,0,0,0,NaN,0
3489,0,1,0,NaN,1
3490,1,0,0,0,0
3491,0,0,1,NaN,0
3492,0,1,1,0,1
3493,0,1,1,NaN,1
3494,0,NaN,0,1,1
3495,0,NaN,1,NaN,0
3496,1,1,0,NaN,0
3497,0,0,1,0,1
3498,1,1,1,0,1
3499,0,1,1,0,1
3500,1,1,1,1,0
3501,0,0,0,NaN,0
3502,0,0,0,1,0
3503,0,1,0,0,0
3504,1,0,0,0,0
3505,1,0,1,NaN,0
3506,1,NaN,1,0,1
3507,1,NaN,0,1,0
3508,0,NaN,1,1,0
3509,1,1,1,NaN,1
3510,1,0,0,0,0
3511,1,0,0,1,1
3512,1,1,1,NaN,0
3513,0,0,0,0,0
3514,1,NaN,1,1,1
3515,1,1,1,1,1
3516,0,1,1,NaN,1
3517,1,NaN,1,1,0
3518,0,0,0,1,1
3519,0,NaN,0,0,0
3520,1,1,1,NaN,1
3521,1,1,0,0,1
3522,1,1,0,1,0
3523,0,1,0,NaN,1
3524,1,NaN,1,0,1
3525,0,NaN,0,0,1
3526,1,NaN,1,NaN,1
3527,1,1,0,NaN,1
3528,0,NaN,1,0,1
3529,1,1,0,0,1
3530,0,NaN,0,0,0
3531,1,1,1,NaN,1
3532,0,1,1,0,1
3533,0,0,1,0,0
3534,1,0,1,NaN,0
3535,0,NaN,0,0,0
3536,1,0,1,0,1
3537,1,0,0,0,0
3538,1,1,0,NaN,1
3539,1,0,0,NaN,0
3540,0,0,0,1,1
3541,1,0,1,NaN,0
3542,0,NaN,1,1,0
3543,1,1,0,0,0
3544,1,0,1,NaN,1
3545,1,1,1,NaN,0
3546,1,NaN,0,1,1
3547,0,1,1,NaN,0
3548,0,0,1,NaN,1
3549,0,NaN,0,1,1
3550,1,1,1,NaN,0
3551,1,1,0,1,0
3552,1,1,0,1,0
3553,1,NaN,0,1,1
3554,1,0,1,1,1
3555,1,0,1,0,0
3556,0,NaN,0,0,0
3557,1,1,0,NaN,0
3558,1,NaN,1,1,1
3559,0,0,1,1,0
3560,0,1,0,1,1
3561,0,NaN,0,1,1
3562,1,0,0,NaN,0
3563,1,1,1,0,0
3564,1,1,0,NaN,0
3565,0,NaN,1,NaN,1
3566,1,1,1,NaN,1
3567,1,1,1,0,1
3568,0,NaN,0,0,0
3569,1,1,0,0,0
3570,1,NaN,0,NaN,1
3571,0,NaN,0,1,0
3572,0,NaN,0,NaN,0
3573,0,NaN,1,0,0
3574,1,NaN,1,1,1
3575,0,NaN,1,0,1
3576,1,0,1,1,1
3577,0,NaN,0,1,0
3578,1,0,0,1,0
3579,1,0,0,NaN,0
3580,0,1,0,1,0
3581,0,NaN,1,NaN,0
3582,0,NaN,0,0,1
3583,1,NaN,1,NaN,1
3584,0,1,0,NaN,1
3585,1,0,1,1,0
3586,0,0,0,NaN,0
3587,1,1,1,NaN,0
3588,0,NaN,1,1,1
3589,1,NaN,1,1,0
3590,0,0,1,1,0
3591,0,0,0,1,0
3592,0,NaN,1,1,1
3593,0,0,1,1,0
3594,0,1,1,NaN,1
3595,0,NaN,1,0,1
3596,0,NaN,0,1,0
3597,1,0,1,NaN,1
3598,0,0,1,NaN,0
3599,0,0,0,0,0
3600,1,1,1,0,1
3601,0,NaN,0,NaN,0
3602,0,1,1,1,0
3603,0,0,0,0,1
3604,1,1,1,0,1
3605,0,0,1,1,1
3606,1,0,1,NaN,1
3607,0,0,1,NaN,1
3608,0,1,1,0,1
3609,0,NaN,0,NaN,1
3610,0,NaN,0,NaN,0
3611,1,NaN,0,0,0
3612,1,1,1,1,0
3613,0,1,1,1,1
3614,0,0,1,NaN,0
3615,1,NaN,1,NaN,0
3616,0,0,0,NaN,0
3617,0,0,0,0,1
3618,0,1,0,1,0
3619,0,NaN,1,0,0
3620,1,NaN,0,0,0
3621,1,0,1,1,0
3622,0,0,0,1,0
3623,0,0,0,NaN,1
3624,0,NaN,0,1,1
3625,0,0,0,NaN,0
3626,1,0,1,0,1
3627,0,1,0,NaN,0
3628,1,0,1,NaN,0
3629,1,1,0,1,0
3630,1,0,1,0,0
3631,0,1,0,1,1
3632,1,NaN,1,0,1
3633,0,1,0,1,1
3634,0,0,0,0,1
3635,0,NaN,1,1,1
3636,0,0,1,0,0
3637,0,1,1,NaN,0
3638,1,0,0,0,0
3639,1,NaN,1,0,1
3640,0,0,0,0,0
3641,1,NaN,0,0,0
3642,1,0,1,1,1
3643,0,0,0,1,0
3644,1,0,0,NaN,0
3645,1,1,1,NaN,0
3646,0,0,0,NaN,1
3647,1,NaN,1,0,0
3648,1,NaN,0,NaN,0
3649,0,NaN,1,0,1
3650,0,0,1,NaN,0
3651,1,1,0,0,1
3652,1,1,0,0,0
3653,1,0,0,0,0
3654,1,NaN,1,1,1
3655,0,0,0,1,0
3656,1,1,1,NaN,0
3657,1,0,0,1,1
3658,1,NaN,1,NaN,0
3659,1,NaN,0,0,0
3660,0,0,1,1,1
3661,1,NaN,1,1,0
3662,0,0,1,0,1
3663,1,0,1,NaN,0
3664,0,NaN,0,0,0
3665,1,NaN,0,0,1
3666,0,0,0,1,1
3667,0,0,1,NaN,1
3668,0,1,0,NaN,1
3669,1,NaN,0,1,0
3670,1,NaN,1,NaN,0
3671,0,0,0,NaN,0
3672,0,1,0,NaN,0
3673,0,0,1,NaN,0
3674,0,1,1,NaN,0
3675,1,0,0,1,1
3676,1,NaN,1,1,0
3677,1,0,0,NaN,0
3678,0,0,0,0,0
3679,1,0,0,NaN,0
3680,0,NaN,0,0,0
3681,0,NaN,1,NaN,1
3682,1,NaN,1,NaN,0
3683,1,0,1,1,1
3684,1,NaN,0,0,0
3685,1,1,1,0,0
3686,1,0,1,1,0
3687,0,1,1,1,0
3688,0,NaN,0,1,1
3689,0,0,0,NaN,1
3690,0,0,0,NaN,0
3691,1,0,1,NaN,1
3692,1,1,0,NaN,0
3693,1,0,1,1,1
3694,1,1,0,1,1
3695,1,NaN,0,0,1
3696,0,NaN,1,0,1
3697,1,NaN,1,0,1
3698,0,NaN,0,0,1
3699,0,1,0,NaN,0
3700,0,0,0,0,1
3701,1,NaN,0,1,1
3702,0,NaN,1,1,0
3703,1,1,0,1,1
3704,0,0,1,NaN,1
3705,0,0,0,NaN,1
3706,0,NaN,1,1,0
3707,0,1,0,1,1
3708,0,0,1,NaN,0
3709,1,1,0,0,1
3710,0,1,0,1,1
3711,1,1,0,1,0
3712,0,0,0,1,1
3713,0,1,0,1,0
3714,0,1,0,0,0
3715,0,0,1,0,1
3716,1,1,0,NaN,1
3717,0,0,1,1,1
3718,1,NaN,1,1,1
3719,0,NaN,0,1,1
3720,1,1,1,1,1
3721,0,NaN,0,0,1
3722,0,0,0,NaN,1
3723,1,0,1,NaN,1
3724,1,1,0,NaN,1
3725,1,NaN,0,1,0
3726,0,0,0,0,1
3727,0,0,0,1,0
3728,1,0,1,0,0
3729,0,NaN,1,0,1
3730,0,NaN,0,NaN,1
3731,1,NaN,1,NaN,1
3732,1,0,0,NaN,1
3733,0,1,1,1,0
3734,1,NaN,1,1,0
3735,1,1,0,NaN,1
3736,0,0,1,1,0
3737,0,NaN,0,1,1
3738,0,NaN,1,1,1
3739,1,0,0,1,1
3740,1,0,1,1,1
3741,0,NaN,0,NaN,1
3742,0,1,0,0,0
3743,1,NaN,0,1,1
3744,0,NaN,0,0,1
3745,1,0,0,0,0
3746,1,NaN,1,NaN,1
3747,0,NaN,1,0,1
3748,1,0,0,NaN,1
3749,0,0,0,1,0
3750,1,1,0,1,0
3751,1,0,0,1,1
3752,0,1,1,NaN,0
3753,0,0,0,NaN,1
3754,1,0,0,NaN,1
3755,1,NaN,0,1,0
3756,1,0,1,0,1
3757,0,0,1,NaN,1
3758,0,0,0,NaN,0
3759,0,1,1,1,1
3760,1,NaN,0,NaN,1
3761,1,1,1,NaN,1
3762,0,NaN,1,1,0
3763,0,0,1,NaN,1
3764,1,1,0,0,1
3765,0,0,1,NaN,1
3766,1,NaN,0,NaN,1
3767,1,NaN,0,NaN,1
3768,1,NaN,0,0,0
3769,1,0,1,0,0
3770,1,0,0,1,0
3771,0,NaN,1,NaN,0
3772,0,1,0,NaN,0
3773,0,0,1,NaN,1
3774,0,0,1,NaN,1
3775,0,0,0,0,0
3776,1,1,0,0,0
3777,0,0,0,NaN,1
3778,0,NaN,0,1,0
3779,1,NaN,0,1,0
3780,1,0,0,1,0
3781,0,NaN,1,0,0
3782,1,1,0,NaN,0
3783,0,1,0,0,1
3784,0,NaN,0,NaN,1
3785,0,0,0,0,1
3786,1,1,0,1,1
3787,1,NaN,1,0,0
3788,0,0,1,0,0
3789,1,0,0,NaN,0
3790,1,0,1,1,1
3791,0,1,1,NaN,1
3792,1,1,1,NaN,1
3793,0,NaN,1,1,0
3794,1,0,0,0,1
3795,0,NaN,0,NaN,1
3796,1,0,0,1,0
3797,0,0,1,0,1
3798,0,0,1,1,0
3799,1,NaN,1,1,1
3800,0,1,0,NaN,0
3801,0,NaN,1,0,1
3802,0,0,1,0,1
3803,0,0,0,NaN,1
3804,1,0,1,0,1
3805,0,0,0,NaN,1
3806,1,NaN,0,NaN,1
3807,0,NaN,1,0,0
3808,0,1,0,1,1
3809,1,NaN,1,NaN,1
3810,1,NaN,1,1,1
3811,1,NaN,0,NaN,0
3812,1,NaN,1,NaN,0
3813,1,0,1,0,1
3814,1,0,0,NaN,0
3815,1,1,1,NaN,1
3816,1,1,1,1,1
3817,0,NaN,0,NaN,0
3818,1,1,1,0,0
3819,0,NaN,1,NaN,0
3820,0,0,0,1,0
3821,1,1,1,1,1
3822,0,1,0,1,0
3823,1,0,1,NaN,1
3824,1,0,0,0,1
3825,1,1,1,1,1
3826,1,NaN,1,1,1
3827,0,1,1,NaN,1
3828,1,NaN,0,NaN,1
3829,1,0,1,0,0
3830,0,0,1,1,1
3831,1,1,1,0,0
3832,0,NaN,0,NaN,1
3833,0,1,1,1,0
3834,1,1,1,0,1
3835,1,1,0,1,0
3836,1,NaN,1,0,1
3837,0,1,0,0,0
3838,0,1,0,NaN,0
3839,0,NaN,0,NaN,0
3840,1,NaN,1,1,1
3841,1,NaN,0,1,0
3842,1,NaN,0,1,0
3843,0,NaN,0,NaN,0
3844,0,NaN,0,1,1
3845,1,NaN,1,NaN,0
3846,0,0,0,1,1
3847,0,0,1,NaN,0
3848,1,1,0,NaN,0
3849,0,0,0,NaN,0
3850,1,0,0,NaN,1
3851,0,NaN,1,NaN,0
3852,1,0,1,0,1
3853,0,0,1,NaN,1
3854,0,NaN,1,NaN,0
3855,1,1,0,1,1
3856,0,1,1,1,0
3857,1,1,1,0,1
3858,0,0,0,1,0
3859,1,1,1,1,0
3860,0,NaN,0,1,0
3861,0,NaN,1,0,1
3862,0,1,0,NaN,1
3863,0,NaN,1,NaN,1
3864,0,1,1,0,0
3865,0,0,0,0,0
3866,1,NaN,1,0,0
3867,0,1,1,1,0
3868,0,1,1,1,1
3869,1,0,0,NaN,0
3870,0,0,0,NaN,1
3871,1,NaN,1,1,1
3872,0,NaN,1,0,1
3873,0,NaN,0,1,0
3874,1,NaN,0,0,0
3875,0,1,0,0,0
3876,1,1,0,NaN,0
3877,1,0,0,NaN,1
3878,1,0,1,0,0
3879,1,NaN,0,0,0
3880,0,0,0,0,0
3881,1,NaN,0,0,0
3882,1,NaN,0,0,1
3883,0,1,1,0,1
3884,1,0,1,1,1
3885,0,0,0,NaN,0
3886,1,1,0,NaN,0
3887,1,1,1,0,0
3888,1,0,1,0,0
3889,1,1,0,1,0
3890,0,1,0,1,0
3891,1,NaN,0,NaN,1
3892,0,1,0,NaN,0
3893,0,0,1,0,1
3894,1,0,0,NaN,1
3895,0,NaN,0,NaN,0
3896,1,0,0,0,0
3897,1,NaN,1,1,1
3898,0,1,1,0,1
3899,1,0,1,NaN,0
3900,0,1,0,0,1
3901,1,NaN,1,0,1
3902,1,0,0,0,0
3903,0,NaN,1,0,0
3904,1,1,1,1,0
3905,1,1,0,1,1
3906,0,NaN,0,NaN,1
3907,1,1,0,1,0
3908,1,0,0,NaN,1
3909,1,0,0,1,0
3910,0,1,1,NaN,0
3911,0,1,1,NaN,0
3912,1,NaN,0,0,1
3913,1,NaN,0,0,1
3914,1,1,1,1,1
3915,0,NaN,1,1,1
3916,0,NaN,0,0,1
3917,0,NaN,1,0,0
3918,0,0,0,NaN,0
3919,1,0,0,0,0
3920,0,0,0,0,1
3921,1,0,0,0,1
3922,1,1,0,0,0
3923,0,0,0,NaN,1
3924,0,1,0,1,1
3925,0,NaN,1,1,1
3926,0,1,1,NaN,0
3927,1,NaN,1,0,1
3928,1,0,1,NaN,1
3929,1,NaN,1,1,0
3930,1,1,1,1,0
3931,1,NaN,0,NaN,0
3932,0,NaN,1,NaN,1
3933,1,0,1,NaN,1
3934,0,NaN,1,1,1
3935,1,1,0,NaN,1
3936,1,1,1,1,1
3937,1,0,0,NaN,0
3938,1,NaN,0,1,0
3939,1,0,0,NaN,1
3940,0,0,0,NaN,1
3941,0,0,1,0,1
3942,1,0,1,1,0
3943,0,1,1,1,0
3944,1,NaN,0,1,0
3945,0,1,1,0,0
3946,0,1,0,1,0
3947,0,1,0,NaN,1
3948,0,NaN,1,0,1
3949,0,0,0,NaN,0
3950,1,1,0,1,1
3951,0,NaN,1,NaN,0
3952,1,NaN,0,NaN,1
3953,0,NaN,0,1,1
3954,1,0,0,0,1
3955,0,1,0,NaN,0
3956,1,0,0,0,1
3957,0,0,1,NaN,1
3958,1,NaN,0,NaN,0
3959,1,0,1,NaN,0
3960,1,0,0,0,0
3961,1,NaN,0,1,0
3962,0,0,1,0,0
3963,1,1,1,0,1
3964,0,NaN,0,0,1
3965,0,NaN,0,NaN,0
3966,0,NaN,0,NaN,0
3967,0,0,1,NaN,1
3968,0,NaN,0,1,0
3969,0,0,0,NaN,1
3970,0,NaN,1,0,1
3971,1,1,0,NaN,0
3972,1,0,0,0,0
3973,0,NaN,0,NaN,0
3974,1,0,1,1,1
3975,0,1,0,1,0
3976,0,0,0,NaN,1
3977,1,0,1,1,0
3978,0,1,0,1,1
3979,1,NaN,1,NaN,0
3980,1,NaN,1,0,1
3981,1,1,0,NaN,1
3982,1,NaN,0,NaN,1
3983,0,1,0,1,1
3984,1,1,0,NaN,1
3985,0,NaN,0,NaN,1
3986,1,1,0,1,1
3987,1,0,0,0,1
3988,1,1,1,1,0
3989,1,0,0,0,0
3990,0,0,1,NaN,0
3991,0,NaN,0,NaN,1
3992,1,NaN,1,1,1
3993,0,0,1,NaN,0
3994,0,0,1,NaN,0
3995,0,1,0,1,1
3996,1,1,1,1,1
3997,0,0,1,1,1
3998,0,1,0,0,1
3999,1,1,1,1,1
4000,1,0,1,0,0
4001,1,0,0,0,0
4002,1,NaN,0,0,1
4003,1,NaN,0,0,1
4004,0,NaN,0,0,1
4005,1,NaN,0,1,1
4006,0,0,1,NaN,1
4007,1,1,0,1,1
4008,1,NaN,1,1,0
4009,0,0,1,NaN,0
4010,0,0,1,0,1
4011,0,1,0,0,0
4012,1,NaN,0,1,1
4013,1,1,1,NaN,0
4014,0,0,1,0,1
4015,1,0,0,NaN,1
4016,1,NaN,0,0,0
4017,0,NaN,0,1,1
4018,1,0,1,0,1
4019,1,0,0,NaN,0
4020,0,0,1,NaN,0
4021,0,0,0,0,1
4022,1,1,0,0,1
4023,0,NaN,1,0,1
4024,1,1,1,1,1
4025,1,NaN,1,1,0
4026,1,1,0,0,1
4027,1,1,1,1,1
4028,0,NaN,0,1,1
4029,1,0,1,1,1
4030,0,NaN,0,NaN,1
4031,0,0,1,NaN,0
4032,0,NaN,0,1,1
4033,0,NaN,0,1,1
4034,0,NaN,0,1,1
4035,1,1,1,0,0
4036,1,1,0,NaN,1
4037,1,1,1,0,1
4038,1,NaN,1,1,0
4039,1,NaN,1,1,1
4040,0,0,1,NaN,1
4041,1,0,1,NaN,1
4042,1,0,0,1,0
4043,0,0,0,1,1
4044,1,1,0,1,1
4045,1,0,0,1,1
4046,1,NaN,0,NaN,1
4047,1,0,0,0,0
4048,1,0,1,NaN,1
4049,1,0,0,0,1
4050,1,1,1,1,0
4051,0,NaN,1,1,0
4052,0,0,1,0,0
4053,0,1,0,0,0
4054,0,NaN,0,0,0
4055,1,0,0,NaN,1
4056,0,0,1,1,0
4057,1,NaN,0,0,0
4058,0,1,1,1,0
4059,0,NaN,1,1,1
4060,1,1,1,1,0
4061,0,1,1,1,0
4062,1,NaN,1,0,0
4063,0,1,0,1,1
4064,0,1,0,1,0
4065,1,NaN,1,NaN,0
4066,0,0,0,1,0
4067,0,1,1,1,1
4068,0,NaN,0,1,0
4069,0,0,1,NaN,0
4070,0,1,0,NaN,0
4071,1,1,1,NaN,1
4072,0,NaN,1,NaN,0
4073,0,1,0,NaN,1
4074,1,NaN,0,0,0
4075,0,NaN,1,NaN,1
4076,0,0,0,NaN,1
4077,1,NaN,0,0,0
4078,0,0,1,0,0
4079,0,1,0,NaN,0
4080,1,0,0,0,0
4081,1,0,0,0,1
4082,1,NaN,1,NaN,1
4083,1,0,0,NaN,1
4084,0,NaN,1,NaN,0
4085,0,NaN,1,1,0
4086,0,NaN,0,1,0
4087,0,1,1,0,1
4088,1,NaN,0,NaN,0
4089,1,0,1,NaN,0
4090,1,1,1,0,0
4091,1,1,0,1,0
4092,1,1,1,0,1
4093,0,NaN,0,NaN,0
4094,1,1,1,NaN,0
4095,0,0,0,1,0
4096,0,0,1,NaN,0
4097,1,0,1,0,0
4098,1,1,0,NaN,1
4099,1,0,0,NaN,0
4100,0,0,0,1,0
4101,1,0,0,NaN,1
4102,1,1,0,0,0
4103,0,0,0,NaN,0
4104,1,1,0,NaN,0
4105,1,0,0,0,1
4106,1,NaN,0,0,0
4107,0,1,0,NaN,1
4108,1,NaN,0,NaN,1
4109,0,0,0,0,1
4110,0,0,0,0,1
4111,1,0,1,0,1
4112,1,NaN,0,NaN,1
4113,0,0,1,1,1
4114,0,0,1,NaN,1
4115,0,NaN,1,0,0
4116,0,0,0,1,0
4117,0,NaN,0,NaN,1
4118,0,1,1,0,0
4119,0,0,0,NaN,1
4120,0,NaN,1,1,1
4121,1,NaN,1,NaN,1
4122,1,NaN,1,NaN,1
4123,1,1,0,1,0
4124,1,0,0,1,1
4125,1,NaN,1,1,0
4126,0,0,1,0,1
4127,0,NaN,0,0,0
4128,0,NaN,0,NaN,0
4129,1,NaN,0,NaN,1
4130,1,1,1,1,1
4131,1,1,0,1,0
4132,1,0,0,0,0
4133,0,NaN,0,NaN,0
4134,0,1,0,1,0
4135,0,NaN,1,NaN,1
4136,1,1,0,0,0
4137,0,0,0,NaN,1
4138,0,0,0,0,1
4139,0,0,0,NaN,0
4140,0,1,0,1,0
4141,0,1,1,NaN,0
4142,1,0,0,NaN,1
4143,1,1,1,0,1
4144,1,1,1,0,0
4145,1,1,1,1,1
4146,0,0,0,1,0
4147,1,1,1,1,0
4148,1,1,1,1,1
4149,1,1,0,0,0
4150,0,1,1,0,1
4151,1,NaN,0,1,0
4152,1,0,0,NaN,1
4153,0,NaN,1,NaN,1
4154,0,1,1,0,1
4155,0,NaN,0,1,1
4156,0,1,1,0,0
4157,0,1,1,1,1
4158,0,0,0,NaN,1
4159,1,NaN,0,1,0
4160,0,0,0,1,1
4161,1,1,0,0,1
4162,0,1,0,1,0
4163,1,1,1,1,1
4164,0,0,0,1,1
4165,1,1,0,0,0
4166,0,0,0,0,1
4167,0,NaN,0,0,1
4168,1,1,1,NaN,0
4169,0,1,1,0,0
4170,0,NaN,1,NaN,0
4171,0,NaN,1,1,0
4172,0,NaN,0,0,0
4173,1,0,1,1,1
4174,0,0,0,0,0
4175,0,1,0,NaN,1
4176,1,1,0,NaN,0
4177,1,0,1,1,1
4178,1,1,1,0,1
4179,1,NaN,0,0,1
4180,0,0,0,NaN,0
4181,0,1,0,0,1
4182,0,NaN,0,NaN,0
4183,1,1,1,0,1
4184,1,NaN,1,1,1
4185,0,NaN,0,1,1
4186,0,0,1,NaN,1
4187,0,1,1,0,0
4188,1,1,0,0,0
4189,1,NaN,1,0,0
4190,0,0,1,0,0
4191,1,1,1,NaN,0
4192,1,1,0,0,1
4193,0,NaN,0,1,0
4194,0,NaN,1,NaN,1
4195,0,0,1,0,1
4196,1,0,0,NaN,0
4197,1,NaN,0,NaN,1
4198,1,NaN,0,0,0
4199,0,1,0,NaN,0
4200,0,1,1,0,1
4201,0,NaN,0,0,1
4202,1,NaN,1,1,0
4203,1,NaN,1,0,0
4204,0,0,0,0,1
4205,0,1,1,0,1
4206,1,NaN,0,NaN,1
4207,0,NaN,0,0,0
4208,1,NaN,0,1,0
4209,1,NaN,0,1,1
4210,1,1,1,NaN,0
4211,0,0,0,1,0
4212,1,1,1,1,1
4213,1,NaN,0,NaN,1
4214,0,0,0,NaN,1
4215,0,NaN,1,1,1
4216,0,0,0,0,1
4217,0,NaN,0,0,0
4218,1,NaN,1,1,1
4219,1,NaN,1,NaN,0
4220,0,0,0,0,0
4221,1,NaN,0,0,1
4222,0,0,1,NaN,1
4223,0,NaN,1,NaN,1
4224,1,0,1,NaN,0
4225,1,1,1,1,1
4226,1,0,0,0,0
4227,0,1,0,0,0
4228,1,1,1,1,1
4229,1,NaN,1,0,1
4230,1,1,1,1,1
4231,1,0,0,1,0
4232,1,NaN,0,NaN,1
4233,1,0,1,1,0
4234,1,NaN,1,1,1
4235,1,NaN,0,0,0
4236,1,1,1,0,1
4237,0,0,0,NaN,1
4238,1,0,1,1,1
4239,0,NaN,1,0,0
4240,1,1,0,NaN,0
4241,0,NaN,0,NaN,0
4242,1,NaN,0,0,0
4243,1,1,0,NaN,1
4244,0,NaN,0,1,0
4245,1,0,1,0,0
4246,1,NaN,0,1,0
4247,1,NaN,0,NaN,1
4248,1,1,1,NaN,1
4249,0,1,0,1,1
4250,1,1,0,0,1
4251,0,NaN,1,1,1
4252,0,1,0,NaN,1
4253,1,NaN,1,NaN,0
4254,0,NaN,0,NaN,1
4255,0,0,0,1,0
4256,0,1,1,0,1
4257,0,0,1,0,1
4258,0,NaN,1,NaN,1
4259,1,0,0,1,0
4260,1,0,1,0,1
4261,1,NaN,1,1,0
4262,0,NaN,1,NaN,1
4263,1,NaN,1,0,1
4264,0,NaN,0,NaN,1
4265,1,1,0,NaN,1
4266,1,NaN,0,1,0
4267,0,NaN,0,NaN,1
4268,0,0,0,NaN,1
4269,0,1,1,0,0
4270,0,0,0,1,0
4271,0,1,0,0,1
4272,0,0,0,1,0
4273,0,1,0,0,0
4274,0,NaN,1,NaN,0
4275,1,0,0,0,0
4276,0,1,0,NaN,0
4277,1,0,0,1,0
4278,0,1,0,1,0
4279,0,0,1,1,0
4280,0,NaN,1,1,1
4281,1,0,1,NaN,0
4282,0,0,0,NaN,1
4283,0,0,1,0,0
4284,1,NaN,1,1,0
4285,1,0,0,1,0
4286,1,1,1,1,0
4287,1,0,0,0,1
4288,0,0,1,NaN,1
4289,1,1,0,0,1
4290,1,NaN,0,1,0
4291,1,1,0,NaN,1
4292,1,1,1,1,1
4293,1,1,0,NaN,1
4294,0,NaN,1,0,0
4295,0,NaN,1,1,0
4296,1,0,0,NaN,1
4297,1,0,1,NaN,0
4298,0,1,0,0,1
4299,1,NaN,1,0,0
4300,1,1,1,0,1
4301,1,1,1,NaN,0
4302,0,0,0,1,1
4303,1,NaN,1,1,1
4304,1,NaN,1,1,1
4305,1,NaN,0,1,1
4306,1,NaN,0,1,1
4307,0,1,0,NaN,0
4308,0,0,0,0,0
4309,0,1,0,0,1
4310,1,0,1,0,0
4311,1,NaN,0,NaN,1
4312,1,0,0,1,1
4313,1,0,0,NaN,0
4314,0,0,1,0,0
4315,0,1,1,NaN,0
4316,1,NaN,1,1,0
4317,0,1,1,NaN,1
4318,1,1,0,1,1
4319,0,0,0,NaN,1
4320,0,NaN,1,NaN,1
4321,0,NaN,0,1,1
4322,1,NaN,0,0,0
4323,0,1,0,1,0
4324,1,NaN,1,NaN,1
4325,0,0,0,NaN,0
4326,0,0,1,0,1
4327,1,0,0,NaN,1
4328,0,1,1,0,0
4329,0,1,1,0,1
4330,1,NaN,0,1,0
4331,1,1,1,NaN,0
4332,1,1,0,NaN,0
4333,0,1,0,0,0
4334,0,1,1,NaN,1
4335,0,NaN,1,0,1
4336,1,NaN,0,NaN,0
4337,0,NaN,0,NaN,0
4338,1,NaN,0,1,0
4339,1,NaN,1,1,1
4340,0,NaN,0,1,0
4341,1,0,1,1,0
4342,0,0,1,1,0
4343,0,0,0,NaN,1
4344,0,0,0,NaN,0
4345,0,0,0,NaN,0
4346,0,NaN,0,0,1
4347,1,NaN,0,0,0
4348,0,0,1,1,0
4349,1,0,0,1,1
4350,0,1,1,NaN,0
4351,1,NaN,1,0,0
4352,1,NaN,1,1,0
4353,0,0,1,1,1
4354,0,0,1,1,0
4355,1,NaN,1,0,1
4356,1,0,1,1,0
4357,1,1,0,1,1
4358,1,0,0,0,0
4359,0,NaN,1,0,0
4360,0,NaN,1,NaN,0
4361,1,NaN,0,NaN,0
4362,1,0,1,NaN,1
4363,1,NaN,1,NaN,0
4364,0,NaN,0,NaN,1
4365,0,NaN,0,NaN,0
4366,1,NaN,1,1,1
4367,1,1,1,0,1
4368,1,NaN,1,1,1
4369,0,1,0,1,1
4370,1,NaN,0,0,0
4371,0,NaN,1,1,0
4372,1,1,0,0,1
4373,0,1,1,NaN,1
4374,0,1,0,NaN,0
4375,1,0,1,NaN,1
4376,1,NaN,1,1,1
4377,0,0,1,NaN,0
4378,0,0,1,0,0
4379,1,0,1,0,0
4380,1,1,0,1,1
4381,1,0,1,1,0
4382,0,1,0,1,0
4383,0,0,0,0,1
4384,1,0,0,1,1
4385,0,1,1,NaN,1
4386,1,NaN,0,0,1
4387,1,0,1,1,0
4388,1,NaN,1,0,1
4389,0,NaN,1,1,0
4390,1,1,1,1,1
4391,0,NaN,0,0,1
4392,1,1,0,0,0
4393,0,NaN,1,0,0
4394,1,0,0,NaN,0
4395,1,NaN,0,1,1
4396,0,NaN,0,1,1
4397,1,1,0,0,1
4398,0,NaN,0,1,1
4399,1,1,1,NaN,0
4400,0,NaN,0,1,0
4401,0,0,0,0,0
4402,1,0,1,NaN,0
4403,0,0,1,1,1
4404,1,1,1,1,0
4405,1,NaN,1,1,0
4406,1,NaN,0,0,0
4407,0,0,1,0,1
4408,0,1,1,0,1
4409,1,1,1,0,1
4410,0,NaN,1,NaN,0
4411,0,0,1,1,0
4412,0,1,0,NaN,0
4413,0,NaN,0,0,1
4414,0,1,1,1,0
4415,1,0,0,NaN,0
4416,0,0,1,0,0
4417,1,1,0,1,0
4418,1,1,0,1,1
4419,0,0,0,1,1
4420,1,NaN,1,1,1
4421,1,1,1,1,0
4422,1,1,1,NaN,0
4423,0,NaN,0,NaN,0
4424,1,NaN,1,NaN,0
4425,0,1,0,1,0
4426,0,1,0,1,0
4427,0,0,0,1,0
4428,0,0,1,1,1
4429,0,1,1,0,0
4430,0,NaN,1,NaN,0
4431,0,NaN,0,0,0
4432,0,1,0,0,1
4433,0,NaN,1,0,1
4434,1,0,1,NaN,1
4435,0,0,1,0,1
4436,1,0,1,NaN,1
4437,0,0,1,NaN,1
4438,1,1,1,1,1
4439,1,1,1,NaN,0
4440,0,NaN,0,1,1
4441,1,0,0,NaN,0
4442,0,NaN,1,NaN,0
4443,0,0,1,NaN,0
4444,0,0,1,NaN,0
4445,1,0,1,NaN,0
4446,1,1,0,NaN,1
4447,0,NaN,0,NaN,0
4448,0,1,1,NaN,0
4449,1,1,1,NaN,1
4450,1,1,0,1,1
4451,1,1,0,NaN,1
4452,0,NaN,1,0,0
4453,0,0,0,1,1
4454,0,0,1,1,0
4455,1,0,1,0,1
4456,0,1,0,NaN,0
4457,0,0,0,1,1
4458,0,1,0,NaN,1
4459,1,0,0,NaN,0
4460,1,1,0,0,0
4461,1,NaN,1,0,1
4462,0,1,1,1,0
4463,1,NaN,1,0,0
4464,1,NaN,1,1,1
4465,1,1,0,NaN,0
4466,0,NaN,0,1,1
4467,1,NaN,0,1,1
4468,1,1,0,NaN,0
4469,1,1,1,NaN,1
4470,0,0,0,NaN,0
4471,1,NaN,1,NaN,0
4472,1,0,0,1,1
4473,1,NaN,1,1,0
4474,0,1,0,0,0
4475,1,NaN,0,NaN,0
4476,0,1,1,NaN,1
4477,1,1,1,1,1
4478,1,0,1,1,0
4479,0,0,1,NaN,1
4480,0,0,1,NaN,0
4481,0,0,1,NaN,0
4482,0,0,1,0,0
4483,0,0,1,NaN,1
4484,0,NaN,0,1,0
4485,0,0,1,1,1
4486,1,0,0,NaN,1
4487,0,NaN,1,1,1
4488,0,0,1,1,0
4489,1,1,1,0,1
4490,0,1,1,0,0
4491,0,1,1,0,0
4492,1,0,0,0,1
4493,0,1,0,0,0
4494,1,0,1,NaN,1
4495,1,0,0,NaN,0
4496,0,1,0,0,1
4497,1,NaN,1,0,0
4498,1,1,1,1,0
4499,1,0,1,0,0
4500,1,NaN,1,1,1
4501,1,0,0,0,0
4502,0,NaN,1,1,0
4503,1,0,1,0,0
4504,0,1,0,0,1
4505,1,0,0,0,0
4506,0,NaN,0,1,0
4507,1,NaN,0,NaN,0
4508,1,NaN,0,1,0
4509,1,0,1,NaN,1
4510,1,NaN,0,NaN,1
4511,1,0,0,NaN,0
4512,1,NaN,1,0,1
4513,0,1,1,0,1
4514,0,NaN,1,NaN,1
4515,1,NaN,1,NaN,0
4516,1,NaN,1,1,0
4517,1,1,0,0,0
4518,1,NaN,0,0,0
4519,1,NaN,1,1,1
4520,1,1,0,NaN,0
4521,1,0,1,NaN,1
4522,1,NaN,1,1,1
4523,1,0,0,1,1
4524,0,NaN,1,1,1
4525,1,NaN,1,0,1
4526,0,1,0,0,0
4527,0,NaN,1,NaN,1
4528,0,NaN,0,1,0
4529,1,0,0,0,0
4530,1,0,0,0,1
4531,1,0,1,0,1
4532,0,0,1,NaN,0
4533,0,NaN,1,NaN,0
4534,0,NaN,1,0,1
4535,0,NaN,0,NaN,1
4536,0,NaN,1,NaN,1
4537,0,NaN,0,1,1
4538,1,1,1,0,0
4539,0,0,1,1,0
4540,0,0,1,1,0
4541,1,0,0,1,0
4542,0,1,1,NaN,1
4543,1,1,1,1,0
4544,0,1,0,NaN,1
4545,0,1,0,0,1
4546,1,1,0,1,0
4547,0,0,0,0,0
4548,1,0,1,0,0
4549,1,1,0,0,0
4550,0,0,1,NaN,0
4551,1,NaN,0,0,1
4552,0,1,1,0,0
4553,1,1,1,NaN,0
4554,0,NaN,1,0,1
4555,1,0,0,1,0
4556,1,NaN,1,1,0
4557,0,1,0,NaN,0
4558,0,NaN,0,NaN,1
4559,0,0,0,1,1
4560,0,NaN,1,1,1
4561,1,0,1,1,0
4562,1,NaN,1,1,1
4563,1,0,0,NaN,1
4564,0,0,1,NaN,1
4565,0,1,0,0,0
4566,1,0,1,0,0
4567,1,1,0,0,1
4568,1,NaN,0,1,0
4569,1,1,1,1,0
4570,0,0,0,0,0
4571,0,NaN,0,NaN,1
4572,0,NaN,0,NaN,0
4573,0,0,0,0,1
4574,0,1,1,NaN,0
4575,1,0,1,NaN,1
4576,0,1,1,1,1
4577,1,NaN,0,1,0
4578,1,1,1,1,1
4579,0,NaN,0,1,1
4580,1,NaN,1,0,1
4581,1,NaN,1,1,1
4582,0,1,1,NaN,1
4583,1,0,1,0,0
4584,1,0,1,NaN,0
4585,1,NaN,1,0,1
4586,1,NaN,1,1,1
4587,1,NaN,0,NaN,0
4588,1,1,1,NaN,0
4589,0,1,1,0,1
4590,0,1,0,1,0
4591,1,0,0,NaN,0
4592,1,0,0,0,0
4593,1,0,0,NaN,1
4594,0,1,0,1,1
4595,1,NaN,1,1,1
4596,1,0,1,0,0
4597,1,0,1,0,1
4598,1,0,0,1,0
4599,1,NaN,1,1,1
4600,0,1,0,1,1
4601,1,0,1,0,1
4602,0,1,1,NaN,1
4603,1,NaN,0,0,1
4604,1,NaN,0,0,0
4605,1,NaN,0,1,1
4606,1,NaN,0,NaN,1
4607,0,1,1,1,1
4608,1,0,0,0,1
4609,0,0,1,0,1
4610,0,0,1,1,1
4611,0,1,0,0,1
4612,0,1,0,NaN,0
4613,1,1,0,0,0
4614,1,NaN,0,NaN,0
4615,0,1,0,NaN,1
4616,1,NaN,0,NaN,1
4617,0,1,1,NaN,0
4618,1,NaN,1,0,0
4619,0,1,1,0,0
4620,0,0,1,NaN,0
4621,1,NaN,0,NaN,0
4622,1,1,1,NaN,1
4623,0,NaN,1,0,0
4624,1,1,1,1,1
4625,0,1,1,NaN,1
4626,1,1,0,0,0
4627,0,0,0,NaN,1
4628,0,1,1,1,0
4629,1,0,0,NaN,0
4630,0,NaN,1,1,0
4631,1,1,0,0,0
4632,0,NaN,1,NaN,0
4633,1,0,1,1,1
4634,1,0,1,1,1
4635,0,NaN,1,1,0
4636,0,0,0,0,1
4637,0,1,0,0,0
4638,1,0,0,1,0
4639,1,NaN,1,1,1
4640,0,NaN,1,1,0
4641,0,NaN,1,1,0
4642,1,NaN,1,NaN,0
4643,1,0,1,1,1
4644,0,1,1,0,0
4645,0,1,1,0,1
4646,1,0,0,1,1
4647,0,1,1,NaN,1
4648,0,NaN,0,1,0
4649,1,1,0,NaN,0
4650,0,0,1,1,1
4651,0,1,0,0,1
4652,0,NaN,1,1,1
4653,1,NaN,0,0,1
4654,1,0,1,NaN,1
4655,1,NaN,1,NaN,1
4656,1,NaN,0,1,0
4657,1,NaN,1,0,1
4658,0,0,0,0,1
4659,0,NaN,0,NaN,1
4660,0,0,1,0,0
4661,1,1,0,0,0
4662,1,NaN,0,1,0
4663,1,NaN,0,0,1
4664,1,1,0,0,0
4665,1,0,1,NaN,0
4666,1,1,1,1,1
4667,1,0,0,1,0
4668,1,0,0,NaN,1
4669,0,NaN,1,NaN,0
4670,0,0,0,1,0
4671,1,NaN,0,NaN,0
4672,0,NaN,0,NaN,1
4673,1,0,0,0,1
4674,1,0,1,NaN,0
4675,1,1,0,1,0
4676,1,NaN,1,1,1
4677,0,NaN,0,0,0
4678,0,1,1,0,0
4679,0,0,1,NaN,0
4680,0,0,0,0,0
4681,1,NaN,1,1,0
4682,1,NaN,0,1,1
4683,0,0,1,NaN,0
4684,1,0,0,NaN,0
4685,0,1,0,0,1
4686,1,NaN,0,0,1
4687,1,1,1,0,0
4688,0,NaN,0,1,1
4689,1,1,1,NaN,1
4690,1,1,1,NaN,1
4691,0,0,1,0,1
4692,1,NaN,1,NaN,1
4693,0,1,1,1,1
4694,0,0,0,1,0
4695,1,0,0,0,1
4696,0,NaN,0,1,0
4697,1,1,1,0,0
4698,1,0,1,0,0
4699,0,NaN,1,1,0
4700,1,1,1,0,1
4701,1,1,0,0,0
4702,0,1,1,0,1
4703,1,1,1,0,0
4704,0,NaN,1,0,1
4705,1,1,1,0,1
4706,1,NaN,0,1,1
4707,1,1,1,0,0
4708,0,0,0,NaN,0
4709,0,NaN,0,NaN,1
4710,1,NaN,0,NaN,0
4711,0,1,1,1,0
4712,0,1,1,0,1
4713,1,1,0,0,1
4714,0,1,1,0,0
4715,0,0,0,0,1
4716,1,NaN,0,0,0
4717,1,1,0,NaN,0
4718,1,0,1,0,1
4719,1,1,0,1,0
4720,0,1,1,NaN,0
4721,0,1,0,0,0
4722,1,1,1,NaN,1
4723,0,NaN,1,NaN,1
4724,1,0,1,1,0
4725,1,1,1,NaN,1
4726,0,0,1,NaN,0
4727,0,NaN,1,NaN,0
4728,0,1,1,NaN,1
4729,1,NaN,0,0,1
4730,1,0,1,0,0
4731,0,NaN,1,NaN,1
4732,1,NaN,1,0,0
4733,1,1,0,1,0
4734,0,NaN,1,1,0
4735,0,1,0,0,0
4736,1,NaN,0,0,0
4737,1,NaN,1,NaN,1
4738,1,NaN,1,NaN,0
4739,0,NaN,0,0,0
4740,0,1,0,1,0
4741,0,0,0,1,1
4742,0,NaN,1,NaN,0
4743,1,0,0,1,0
4744,1,1,1,1,0
4745,1,1,1,1,1
4746,1,1,1,0,1
4747,0,NaN,1,1,0
4748,0,NaN,0,NaN,1
4749,1,1,1,0,1
4750,0,1,0,1,1
4751,0,NaN,0,NaN,0
4752,0,0,0,0,1
4753,1,1,1,1,0
4754,1,NaN,0,NaN,1
4755,1,1,0,1,0
4756,0,0,0,1,1
4757,0,1,1,0,1
4758,1,NaN,0,NaN,1
4759,0,0,1,0,1
4760,1,1,1,0,1
4761,1,0,1,NaN,1
4762,1,0,1,1,0
4763,1,0,1,NaN,0
4764,1,NaN,0,1,1
4765,1,1,1,1,1
4766,0,0,0,0,0
4767,1,0,0,0,0
4768,0,NaN,1,0,1
4769,0,NaN,1,1,1
4770,0,NaN,1,NaN,0
4771,0,0,0,1,1
4772,1,NaN,0,0,1
4773,0,0,0,0,0
4774,0,NaN,0,1,0
4775,0,1,0,1,0
4776,0,NaN,1,0,0
4777,1,1,0,0,0
4778,1,NaN,0,0,1
4779,1,0,0,NaN,0
4780,1,NaN,1,0,0
4781,1,NaN,0,0,1
4782,1,NaN,0,1,0
4783,1,0,0,0,0
4784,1,0,0,1,0
4785,1,NaN,1,1,0
4786,0,1,1,0,0
4787,0,0,0,1,0
4788,1,0,0,NaN,0
4789,1,0,0,1,0
4790,0,0,0,NaN,1
4791,0,1,1,0,0
4792,1,0,0,0,0
4793,1,NaN,0,NaN,0
4794,0,NaN,0,0,1
4795,0,NaN,1,1,1
4796,1,1,0,0,0
4797,0,0,1,0,1
4798,1,NaN,0,NaN,1
4799,1,NaN,1,0,1
4800,1,1,0,0,1
4801,0,1,0,NaN,0
4802,1,1,0,1,1
4803,1,NaN,1,0,0
4804,1,0,0,NaN,1
4805,0,1,0,0,0
4806,0,1,0,NaN,1
4807,0,0,0,NaN,1
4808,1,1,1,NaN,1
4809,1,1,1,0,0
4810,0,NaN,0,NaN,1
4811,1,1,1,0,1
4812,1,0,1,NaN,1
4813,0,1,1,NaN,0
4814,0,NaN,0,NaN,0
4815,0,1,1,1,1
4816,1,NaN,1,1,0
4817,1,NaN,0,NaN,1
4818,0,1,0,1,0
4819,0,0,1,0,0
4820,0,NaN,1,NaN,0
4821,0,1,0,NaN,1
4822,1,1,0,NaN,0
4823,1,NaN,1,1,1
4824,0,0,0,1,0
4825,0,1,0,0,0
4826,0,NaN,0,NaN,1
4827,0,0,0,0,1
4828,1,1,0,NaN,1
4829,1,1,1,NaN,1
4830,0,NaN,1,NaN,1
4831,0,1,1,NaN,1
4832,1,1,0,1,0
4833,1,NaN,1,1,0
4834,0,0,0,NaN,1
4835,0,0,0,NaN,0
4836,1,0,0,0,0
4837,1,0,1,1,1
4838,0,NaN,1,NaN,1
4839,0,NaN,0,NaN,1
4840,0,NaN,0,NaN,1
4841,1,0,0,NaN,1
4842,0,NaN,0,NaN,0
4843,0,NaN,0,0,0
4844,0,1,0,0,0
4845,1,NaN,0,NaN,0
4846,1,1,0,NaN,1
4847,1,0,1,0,1
4848,1,NaN,1,1,0
4849,1,1,1,0,0
4850,0,1,0,NaN,0
4851,0,NaN,1,0,0
4852,1,1,0,NaN,0
4853,1,0,0,0,0
4854,1,NaN,0,NaN,1
4855,1,0,1,0,0
4856,0,0,0,0,0
4857,1,1,0,0,0
4858,0,1,1,NaN,0
4859,0,NaN,1,1,1
4860,1,NaN,0,1,0
4861,0,NaN,1,0,0
4862,1,NaN,0,0,1
4863,1,0,0,0,1
4864,1,NaN,1,NaN,1
4865,0,1,1,1,0
4866,1,NaN,0,0,1
4867,1,0,1,NaN,1
4868,0,1,1,1,0
4869,0,NaN,1,0,0
4870,0,0,1,NaN,0
4871,0,1,1,NaN,1
4872,1,1,1,0,0
4873,0,1,1,1,1
4874,1,NaN,0,0,0
4875,0,0,1,0,0
4876,0,1,0,1,1
4877,0,0,1,0,1
4878,0,NaN,0,NaN,1
4879,0,NaN,1,NaN,1
4880,0,NaN,0,NaN,0
4881,0,1,1,NaN,1
4882,0,1,1,0,0
4883,1,1,1,1,1
4884,1,0,0,1,1
4885,0,0,0,1,1
4886,1,NaN,1,1,0
4887,0,1,0,0,0
4888,1,0,1,NaN,1
4889,0,0,1,NaN,0
4890,0,1,1,1,0
4891,0,0,1,NaN,1
4892,1,0,1,0,1
4893,1,1,0,0,1
4894,0,0,1,0,0
4895,0,1,0,1,0
4896,0,0,1,0,0
4897,1,1,0,NaN,0
4898,1,NaN,1,1,1
4899,0,0,1,NaN,0
4900,0,1,0,NaN,1
4901,1,NaN,1,NaN,0
4902,1,1,1,0,1
4903,0,1,1,NaN,0
4904,1,NaN,1,NaN,0
4905,0,0,1,NaN,0
4906,1,NaN,1,NaN,0
4907,0,0,0,1,0
4908,1,0,1,0,0
4909,0,0,0,1,0
4910,0,1,0,NaN,1
4911,0,0,1,0,1
4912,0,1,0,NaN,1
4913,0,NaN,0,0,1
4914,0,0,0,NaN,0
4915,0,1,0,NaN,1
4916,0,NaN,1,0,1
4917,0,NaN,1,0,1
4918,1,0,1,1,0
4919,0,1,0,0,1
4920,1,1,0,1,0
4921,1,NaN,0,1,0
4922,1,NaN,0,NaN,0
4923,0,0,1,0,0
4924,0,1,1,1,1
4925,1,NaN,0,1,1
4926,0,1,0,NaN,0
4927,0,1,1,NaN,1
4928,1,0,1,0,1
4929,0,1,1,NaN,1
4930,0,0,1,NaN,1
4931,1,NaN,1,1,1
4932,1,NaN,0,1,1
4933,0,1,1,NaN,1
4934,0,0,0,1,1
4935,0,0,0,NaN,1
4936,0,1,0,1,0
4937,1,1,1,NaN,0
4938,0,0,1,NaN,1
4939,0,0,0,NaN,0
4940,0,0,1,NaN,0
4941,0,NaN,1,NaN,0
4942,1,1,0,1,0
4943,1,0,1,NaN,1
4944,1,NaN,0,NaN,0
4945,1,1,0,NaN,1
4946,0,1,0,0,0
4947,1,0,1,NaN,1
4948,0,0,0,1,1
4949,1,NaN,1,0,0
4950,1,NaN,0,NaN,0
4951,0,NaN,1,NaN,1
4952,0,1,0,0,1
4953,0,0,1,0,0
4954,0,1,0,1,0
4955,1,1,1,NaN,1
4956,0,NaN,0,1,1
4957,0,0,1,0,0
4958,0,NaN,1,0,1
4959,1,NaN,0,1,1
4960,0,0,0,0,0
4961,0,NaN,0,1,1
4962,1,NaN,1,1,0
4963,0,0,0,NaN,1
4964,1,0,1,NaN,0
4965,1,0,1,NaN,0
4966,1,NaN,1,NaN,0
4967,1,1,0,0,1
4968,0,0,0,NaN,0
4969,1,NaN,1,1,0
4970,1,0,0,1,1
4971,1,0,1,NaN,0
4972,1,0,1,NaN,1
4973,0,1,0,0,1
4974,1,0,1,NaN,0
4975,1,0,1,0,0
4976,0,0,1,NaN,0
4977,0,NaN,1,0,0
4978,1,0,1,0,0
4979,1,1,1,NaN,0
4980,0,0,0,0,1
4981,0,NaN,0,NaN,0
4982,0,NaN,0,0,0
4983,1,1,0,NaN,0
4984,0,NaN,1,1,0
4985,1,1,1,0,1
4986,0,NaN,1,NaN,1
4987,0,NaN,1,1,1
4988,1,0,0,1,0
4989,1,1,0,1,0
4990,0,NaN,1,NaN,1
4991,1,NaN,0,0,1
4992,0,0,1,NaN,0
4993,0,NaN,0,NaN,1
4994,0,1,0,1,1
4995,1,1,1,0,0
4996,0,0,1,0,0
4997,1,1,0,1,1
4998,1,0,1,1,0
4999,0,0,0,NaN,1
5000,0,NaN,1,NaN,1
5001,1,1,0,0,1
5002,0,0,1,NaN,0
5003,0,NaN,0,1,1
5004,1,0,0,NaN,0
5005,0,NaN,0,NaN,1
5006,1,1,0,1,1
5007,1,NaN,1,0,1
5008,1,0,1,1,1
5009,1,0,0,0,1
5010,1,0,0,NaN,1
5011,0,NaN,1,1,0
5012,1,NaN,0,0,0
5013,0,NaN,1,NaN,0
5014,1,1,0,NaN,1
5015,0,NaN,1,1,0
5016,1,NaN,1,0,1
5017,0,1,0,NaN,0
5018,1,NaN,0,NaN,0
5019,1,NaN,0,1,1
5020,0,NaN,1,0,0
5021,1,1,0,NaN,0
5022,0,NaN,0,NaN,0
5023,0,NaN,1,NaN,1
5024,0,1,0,NaN,0
5025,0,1,1,0,0
5026,0,0,1,0,1
5027,1,0,0,1,1
5028,0,NaN,1,NaN,0
5029,1,1,1,0,0
5030,1,1,1,NaN,0
5031,0,1,0,0,0
5032,0,NaN,0,0,0
5033,0,NaN,0,0,1
5034,1,1,1,1,1
5035,1,NaN,1,1,0
5036,1,1,0,NaN,1
5037,1,NaN,1,0,0
5038,0,1,1,NaN,1
5039,0,1,0,0,0
5040,0,0,0,0,0
5041,0,0,0,0,0
5042,1,0,0,0,1
5043,1,NaN,1,1,1
5044,0,NaN,1,1,1
5045,1,NaN,0,0,1
5046,0,NaN,1,0,1
5047,1,NaN,0,1,0
5048,0,NaN,0,1,0
5049,1,NaN,0,NaN,0
5050,1,0,1,NaN,0
5051,1,1,0,0,1
5052,0,1,1,NaN,0
5053,1,1,0,0,0
5054,1,NaN,0,1,1
5055,1,NaN,1,1,0
5056,1,NaN,0,NaN,1
5057,1,1,0,0,1
5058,1,0,0,1,1
5059,0,NaN,0,1,0
5060,1,NaN,1,1,0
5061,0,NaN,0,1,0
5062,0,1,0,0,0
5063,1,NaN,0,NaN,1
5064,1,1,0,0,0
5065,1,NaN,1,0,0
5066,1,1,1,0,0
5067,1,0,0,NaN,1
5068,0,1,1,NaN,1
5069,0,1,0,1,1
5070,0,1,1,0,1
5071,1,1,0,1,1
5072,0,NaN,0,0,0
5073,1,NaN,1,NaN,0
5074,1,1,0,0,0
5075,1,0,1,NaN,0
5076,1,0,1,0,0
5077,1,1,1,1,1
5078,0,0,0,1,1
5079,0,0,0,1,1
5080,1,0,0,0,1
5081,0,NaN,0,1,1
5082,1,1,1,0,0
5083,1,NaN,0,NaN,0
5084,0,NaN,1,NaN,1
5085,0,0,0,NaN,1
5086,1,NaN,0,1,0
5087,0,1,0,NaN,1
5088,0,0,0,NaN,0
5089,1,NaN,0,1,1
5090,0,1,1,0,0
5091,1,0,1,0,0
5092,0,1,1,0,0
5093,1,0,0,1,0
5094,0,0,0,1,0
5095,1,NaN,0,1,1
5096,1,1,1,NaN,0
5097,1,1,0,0,1
5098,0,1,0,NaN,0
5099,1,1,1,1,1
5100,1,NaN,0,0,1
5101,0,0,1,1,0
5102,1,NaN,0,NaN,1
5103,1,1,0,1,0
5104,0,0,1,1,1
5105,0,NaN,1,NaN,0
5106,0,NaN,1,0,0
5107,0,0,0,NaN,1
5108,0,1,0,NaN,1
5109,1,0,0,0,1
5110,0,0,1,NaN,0
5111,1,NaN,0,1,1
5112,0,1,0,1,1
5113,0,0,1,0,0
5114,0,NaN,0,1,1
5115,0,0,0,1,0
5116,0,NaN,1,0,1
5117,0,0,1,1,1
5118,1,1,0,1,1
5119,0,1,1,NaN,1
5120,1,0,1,0,0
5121,0,0,1,1,0
5122,1,0,0,0,1
5123,0,1,1,NaN,1
5124,0,NaN,0,NaN,0
5125,1,NaN,1,NaN,0
5126,0,1,1,1,1
5127,0,NaN,1,NaN,1
5128,1,0,1,0,1
5129,0,1,0,1,0
5130,0,1,1,1,1
5131,1,1,0,0,0
5132,0,NaN,0,0,1
5133,0,1,0,NaN,1
5134,0,NaN,0,NaN,1
5135,1,0,1,1,1
5136,0,0,1,0,1
5137,1,NaN,0,NaN,1
5138,1,0,0,1,0
5139,0,1,1,NaN,0
5140,0,NaN,0,NaN,1
5141,0,0,0,NaN,0
5142,1,1,0,0,0
5143,1,0,0,0,0
5144,1,0,1,1,0
5145,0,1,0,1,0
5146,1,0,1,NaN,1
5147,1,0,1,0,0
5148,1,1,1,0,0
5149,1,NaN,1,NaN,0
5150,0,0,1,0,1
5151,0,1,0,0,1
5152,0,0,0,0,0
5153,0,0,1,0,0
5154,0,NaN,0,1,1
5155,1,0,1,1,0
5156,1,1,1,0,1
5157,1,NaN,1,NaN,0
5158,1,NaN,1,NaN,0
5159,0,1,1,NaN,1
5160,0,1,0,1,0
5161,0,NaN,1,1,0
5162,0,1,1,0,0
5163,1,NaN,1,0,0
5164,1,1,1,NaN,0
5165,0,NaN,0,1,1
5166,1,NaN,0,1,0
5167,1,NaN,1,0,1
5168,0,1,0,NaN,1
5169,0,1,1,1,0
5170,1,NaN,0,NaN,0
5171,0,1,1,NaN,0
5172,0,1,1,NaN,0
5173,0,1,0,1,1
5174,0,1,1,0,1
5175,0,NaN,1,0,1
5176,1,1,1,NaN,1
5177,0,1,0,NaN,0
5178,0,1,0,NaN,1
5179,0,1,0,1,0
5180,0,0,0,1,0
5181,1,1,0,0,0
5182,0,1,0,1,0
5183,0,0,0,0,0
5184,0,0,0,NaN,0
5185,0,1,0,1,1
5186,0,1,0,0,0
5187,0,1,0,1,1
5188,0,1,1,1,1
5189,1,0,1,0,1
5190,0,1,0,0,0
5191,0,0,1,1,0
5192,1,0,1,1,0
5193,1,NaN,0,NaN,0
5194,0,0,0,1,0
5195,0,NaN,0,1,0
5196,0,NaN,1,NaN,1
5197,1,0,0,NaN,0
5198,0,0,1,NaN,0
5199,0,0,1,NaN,0
5200,1,0,1,0,0
5201,1,0,0,0,1
5202,0,1,0,NaN,1
5203,1,0,1,1,0
5204,0,0,0,NaN,0
5205,1,1,0,1,1
5206,1,1,0,0,1
5207,0,NaN,1,1,0
5208,0,1,0,0,0
5209,1,1,0,0,1
5210,0,NaN,0,NaN,1
5211,1,NaN,0,1,0
5212,0,0,1,0,0
5213,1,0,1,1,1
5214,0,1,1,1,1
5215,0,0,0,0,1
5216,1,NaN,1,NaN,0
5217,1,0,0,1,1
5218,0,NaN,1,1,0
5219,1,NaN,0,0,1
5220,0,NaN,0,NaN,1
5221,1,0,1,0,0
5222,0,0,0,NaN,1
5223,1,NaN,1,1,0
5224,1,1,0,1,0
5225,1,1,0,0,1
5226,0,1,0,NaN,1
5227,0,0,1,0,1
5228,0,NaN,1,1,0
5229,1,NaN,0,NaN,0
5230,0,1,1,1,1
5231,0,NaN,1,NaN,0
5232,1,NaN,1,0,0